siteid,cluster_id,load_zone,land_class,slope_class,nsrdb_id,nsrdb_lat,nsrdb_lon,solar_lat,solar_lon,solar_area
1,1,Oahu,B,00_to_15,89,21.45,-158.18,21.4604972982943,-158.167845626917,102187.158294096
2,1,Oahu,B,00_to_15,90,21.45,-158.14,21.4669173728814,-158.159625313895,23408.6460434
3,1,Oahu,C,00_to_15,89,21.45,-158.18,21.4560311628832,-158.180909612012,320128.258190168
4,1,Oahu,other,00_to_15,88,21.45,-158.22,21.4650234814549,-158.203884555918,546602.734416874
5,1,Oahu,other,00_to_15,89,21.45,-158.18,21.4587734564468,-158.177014195935,3408669.89684335
6,1,Oahu,other,00_to_15,90,21.45,-158.14,21.4653947311831,-158.155546129054,381067.303142847
7,1,Oahu,other,00_to_15,105,21.49,-158.22,21.4932286259812,-158.221217500988,1337142.46872075
8,1,Oahu,other,00_to_15,106,21.49,-158.18,21.4763227063315,-158.172434927253,303670.69244301
9,1,Oahu,other,00_to_15,107,21.49,-158.14,21.4735073894464,-158.155718642981,567986.395188736
10,1,Oahu,other,00_to_15,122,21.53,-158.22,21.5122343068608,-158.225228963221,296566.437744864
11,2,Oahu,B,00_to_15,72,21.41,-158.18,21.4183780774314,-158.167793683379,50833.7897144434
12,2,Oahu,B,00_to_15,73,21.41,-158.14,21.410071787951,-158.147511566062,157511.20421565
13,2,Oahu,B,00_to_15,89,21.45,-158.18,21.4415708860058,-158.161790516211,131385.412180918
14,2,Oahu,B,00_to_15,90,21.45,-158.14,21.4467642305169,-158.152579769727,998324.524584555
15,2,Oahu,other,00_to_15,56,21.37,-158.14,21.3890776008777,-158.147412053855,81339.917381327
16,2,Oahu,other,00_to_15,72,21.41,-158.18,21.4165840329006,-158.166509809242,1730044.98926115
17,2,Oahu,other,00_to_15,73,21.41,-158.14,21.4047244838538,-158.148014227165,2515924.64498756
18,2,Oahu,other,00_to_15,89,21.45,-158.18,21.4401927752188,-158.166251591488,611837.594007654
19,2,Oahu,other,00_to_15,90,21.45,-158.14,21.4496310151448,-158.154195676355,634643.942036534
20,3,Oahu,other,00_to_15,39,21.33,-158.14,21.3465802766126,-158.125422834963,132994.397001005
21,3,Oahu,other,00_to_15,40,21.33,-158.1,21.3393643425305,-158.112028896374,73364.4979406658
22,3,Oahu,other,00_to_15,56,21.37,-158.14,21.3784069769176,-158.133012966969,366345.809128216
23,3,Oahu,other,00_to_15,57,21.37,-158.1,21.3707999775632,-158.11040709175,349405.499642996
24,3,Oahu,other,00_to_15,73,21.41,-158.14,21.3963137730261,-158.123671646831,374460.189739021
25,3,Oahu,other,00_to_15,74,21.41,-158.1,21.4004189291099,-158.117683886403,108767.560917998
26,4,Oahu,B,00_to_15,40,21.33,-158.1,21.3271484910837,-158.097138203048,2662.87554004837
27,4,Oahu,B,00_to_15,41,21.33,-158.06,21.3419455439451,-158.048499663019,721397.446861976
28,4,Oahu,B,00_to_15,42,21.33,-158.02,21.3486766029583,-158.033155491166,101610.307789718
29,4,Oahu,B,00_to_15,58,21.37,-158.06,21.3588386458586,-158.050185693551,921006.387732792
30,4,Oahu,B,00_to_15,59,21.37,-158.02,21.3600573350922,-158.030279226173,234564.370476297
31,4,Oahu,C,00_to_15,40,21.33,-158.1,21.3293482339784,-158.095302606729,16588.2772463134
32,4,Oahu,C,00_to_15,42,21.33,-158.02,21.3475231481481,-158.021018518559,394.094726000001
33,4,Oahu,C,00_to_15,58,21.37,-158.06,21.3607550390526,-158.062023872547,72511.5475714722
34,4,Oahu,C,00_to_15,59,21.37,-158.02,21.3537792033091,-158.027173749275,27532.1284632583
35,4,Oahu,other,00_to_15,40,21.33,-158.1,21.3390881046863,-158.084092309178,193053.214811136
36,4,Oahu,other,00_to_15,41,21.33,-158.06,21.3370532050282,-158.069005354734,210648.602124828
37,4,Oahu,other,00_to_15,42,21.33,-158.02,21.338560842778,-158.03657014621,103300.717220437
38,4,Oahu,other,00_to_15,58,21.37,-158.06,21.3613233722986,-158.067343438102,585358.373084103
39,4,Oahu,other,00_to_15,59,21.37,-158.02,21.3653420217989,-158.029318291771,248983.055418612
40,5,Oahu,C,00_to_15,42,21.33,-158.02,21.3300315895312,-158.001976934433,60758.5623774188
41,5,Oahu,other,00_to_15,42,21.33,-158.02,21.3288794318351,-158.003052156004,73763.6234407873
42,5,Oahu,other,00_to_15,43,21.33,-157.98,21.3242844586364,-157.992180512257,904601.21449895
43,6,Oahu,C,00_to_15,61,21.37,-157.94,21.3834682610418,-157.943218954299,37001.5772263755
44,6,Oahu,other,00_to_15,61,21.37,-157.94,21.3838633610246,-157.941202405728,10533.5737010075
45,6,Oahu,other,00_to_15,62,21.37,-157.9,21.375739556417,-157.906361864829,84667.5962821482
46,6,Oahu,other,00_to_15,78,21.41,-157.94,21.3989766922095,-157.930879629683,5709.88115903728
47,7,Oahu,B,00_to_15,60,21.37,-157.98,21.3751627138835,-157.993879413083,16824.7133765666
48,7,Oahu,B,00_to_15,76,21.41,-158.02,21.4204344431505,-158.01748116596,73995.7792859655
49,7,Oahu,B,00_to_15,77,21.41,-157.98,21.4159343907696,-157.987754805831,139455.884526087
50,7,Oahu,B,00_to_15,93,21.45,-158.02,21.4669352178803,-158.017235414131,485993.942161379
51,7,Oahu,B,00_to_15,94,21.45,-157.98,21.454957796505,-157.982187952299,1645040.34521007
52,7,Oahu,B,00_to_15,110,21.49,-158.02,21.4733163445467,-158.019877665054,573997.398332356
53,7,Oahu,B,00_to_15,111,21.49,-157.98,21.4784372966706,-157.975711721853,224097.220226805
54,7,Oahu,C,00_to_15,60,21.37,-157.98,21.3892433114267,-157.983350808416,49961.2854758631
55,7,Oahu,C,00_to_15,77,21.41,-157.98,21.3905277980804,-157.978911806035,36805.9984145872
56,7,Oahu,C,00_to_15,93,21.45,-158.02,21.4671492165242,-158.021378205169,4999.55489389474
57,7,Oahu,C,00_to_15,94,21.45,-157.98,21.4611761794139,-157.967705365885,230232.564109025
58,7,Oahu,C,00_to_15,95,21.45,-157.94,21.4431342611841,-157.953461597525,194977.336248357
59,7,Oahu,C,00_to_15,110,21.49,-158.02,21.47245781893,-158.018451646131,4381.82942184
60,7,Oahu,C,00_to_15,111,21.49,-157.98,21.4730842032588,-157.980394235534,49690.7086127775
61,7,Oahu,other,00_to_15,60,21.37,-157.98,21.3811393465612,-157.987639381055,370269.895760516
62,7,Oahu,other,00_to_15,76,21.41,-158.02,21.4180336575127,-158.012884823657,2203519.24475794
63,7,Oahu,other,00_to_15,77,21.41,-157.98,21.4116500283303,-157.977399923031,1531110.37784427
64,7,Oahu,other,00_to_15,93,21.45,-158.02,21.4457080001838,-158.013607320141,79309.3169030095
65,7,Oahu,other,00_to_15,94,21.45,-157.98,21.4450770729815,-157.97911902917,537800.203288319
66,7,Oahu,other,00_to_15,95,21.45,-157.94,21.4424475425333,-157.952591384913,260249.262035492
67,7,Oahu,other,00_to_15,110,21.49,-158.02,21.4839421403944,-158.006182445226,412758.389086139
68,7,Oahu,other,00_to_15,111,21.49,-157.98,21.4801629328433,-157.98346510775,175441.602683198
69,8,Oahu,B,00_to_15,58,21.37,-158.06,21.3799522303053,-158.056947330496,399776.224614814
70,8,Oahu,B,00_to_15,59,21.37,-158.02,21.3874584656085,-158.038069576758,17182.8819518868
71,8,Oahu,B,00_to_15,74,21.41,-158.1,21.4131944444444,-158.080159465053,884.986819018869
72,8,Oahu,B,00_to_15,75,21.41,-158.06,21.4135740883745,-158.058813274539,2184812.42902577
73,8,Oahu,B,00_to_15,76,21.41,-158.02,21.4243345771144,-158.032464068585,39497.9858227314
74,8,Oahu,B,00_to_15,92,21.45,-158.06,21.4563807992186,-158.056328754743,4673815.55033052
75,8,Oahu,B,00_to_15,93,21.45,-158.02,21.4576489225246,-158.036309195994,674884.802355408
76,8,Oahu,B,00_to_15,108,21.49,-158.1,21.4831887529365,-158.081739741444,94615.6150396834
77,8,Oahu,B,00_to_15,109,21.49,-158.06,21.4764078155277,-158.063678954922,2564416.85600606
78,8,Oahu,C,00_to_15,58,21.37,-158.06,21.3816213196733,-158.072259909715,114501.719693392
79,8,Oahu,C,00_to_15,75,21.41,-158.06,21.4209863735332,-158.066155225304,575317.528665282
80,8,Oahu,C,00_to_15,76,21.41,-158.02,21.4292083542819,-158.037879797256,21426.7262439645
81,8,Oahu,C,00_to_15,92,21.45,-158.06,21.4497832315999,-158.063214234542,1732815.94352991
82,8,Oahu,C,00_to_15,93,21.45,-158.02,21.4519396744494,-158.035684096213,107020.982995843
83,8,Oahu,C,00_to_15,108,21.49,-158.1,21.4772683204408,-158.085852003254,275426.213343993
84,8,Oahu,C,00_to_15,109,21.49,-158.06,21.47468093836,-158.067355015412,228770.61752766
85,8,Oahu,other,00_to_15,57,21.37,-158.1,21.3767920830884,-158.082269253412,37205.295007069
86,8,Oahu,other,00_to_15,58,21.37,-158.06,21.3816911930673,-158.060517341428,333128.565619049
87,8,Oahu,other,00_to_15,59,21.37,-158.02,21.3867339506173,-158.037445061767,7687.125489
88,8,Oahu,other,00_to_15,74,21.41,-158.1,21.3947676021264,-158.082007071431,15122.8930704021
89,8,Oahu,other,00_to_15,75,21.41,-158.06,21.4074471086913,-158.064196514359,864803.764100161
90,8,Oahu,other,00_to_15,76,21.41,-158.02,21.418405649073,-158.030899771529,625296.759228094
91,8,Oahu,other,00_to_15,91,21.45,-158.1,21.469122053872,-158.08706355222,21647.6363506241
92,8,Oahu,other,00_to_15,92,21.45,-158.06,21.446365274692,-158.061829448269,1928695.56355991
93,8,Oahu,other,00_to_15,93,21.45,-158.02,21.4430546690803,-158.037152479339,82455.1354437772
94,8,Oahu,other,00_to_15,108,21.49,-158.1,21.4783921785957,-158.084113056821,359076.022203118
95,8,Oahu,other,00_to_15,109,21.49,-158.06,21.4812799494084,-158.07104199057,534229.599966201
96,9,Oahu,B,00_to_15,140,21.57,-158.18,21.5707993132388,-158.177267397999,1118191.8905685
97,9,Oahu,B,00_to_15,141,21.57,-158.14,21.5704376447437,-158.147035077175,2553195.36008445
98,9,Oahu,B,00_to_15,142,21.57,-158.1,21.5567564021159,-158.115932962991,172016.315789401
99,9,Oahu,C,00_to_15,140,21.57,-158.18,21.5699626357875,-158.181299749257,287518.420306717
100,9,Oahu,C,00_to_15,141,21.57,-158.14,21.5541035045614,-158.137005105012,145166.815111039
101,9,Oahu,other,00_to_15,124,21.53,-158.14,21.5476795707237,-158.135769779496,197866.072804387
102,9,Oahu,other,00_to_15,125,21.53,-158.1,21.5381485825458,-158.098067600258,345843.302576691
103,9,Oahu,other,00_to_15,139,21.57,-158.22,21.5772183989874,-158.204667851006,828598.993383737
104,9,Oahu,other,00_to_15,140,21.57,-158.18,21.5712434941203,-158.182219883005,3156478.14671755
105,9,Oahu,other,00_to_15,141,21.57,-158.14,21.5614427606952,-158.137935065454,832471.192179728
106,9,Oahu,other,00_to_15,142,21.57,-158.1,21.5516647908038,-158.114975163603,60586.5686811855
107,10,Oahu,A,00_to_15,126,21.53,-158.06,21.5452314814815,-158.079861111144,100.517448642857
108,10,Oahu,B,00_to_15,109,21.49,-158.06,21.5048327617118,-158.047741848007,1796517.92912895
109,10,Oahu,B,00_to_15,110,21.49,-158.02,21.5052915589246,-158.03431167368,1081017.82097326
110,10,Oahu,B,00_to_15,125,21.53,-158.1,21.5380106743902,-158.086577853799,1034934.48121837
111,10,Oahu,B,00_to_15,126,21.53,-158.06,21.5301156928687,-158.059496344443,13303673.6755449
112,10,Oahu,B,00_to_15,127,21.53,-158.02,21.5278335877595,-158.025665921179,6293199.91043869
113,10,Oahu,B,00_to_15,128,21.53,-157.98,21.5297573395627,-157.996844412108,117435.725261503
114,10,Oahu,B,00_to_15,142,21.57,-158.1,21.570877584397,-158.099227400609,1045553.72864744
115,10,Oahu,B,00_to_15,143,21.57,-158.06,21.5610248945367,-158.05588792224,2579902.14778198
116,10,Oahu,B,00_to_15,144,21.57,-158.02,21.5615030779385,-158.033617098915,795644.933771487
117,10,Oahu,B,00_to_15,159,21.61,-158.1,21.5906023292472,-158.096068087678,26177.7823860545
118,10,Oahu,C,00_to_15,109,21.49,-158.06,21.5045402548267,-158.053948275507,55174.3449046686
119,10,Oahu,C,00_to_15,110,21.49,-158.02,21.5056188908654,-158.022501030273,53446.9815060574
120,10,Oahu,C,00_to_15,125,21.53,-158.1,21.5367521189895,-158.081580930533,27621.2222671651
121,10,Oahu,C,00_to_15,126,21.53,-158.06,21.5370415712726,-158.068882734642,133798.215613716
122,10,Oahu,C,00_to_15,127,21.53,-158.02,21.5421286361698,-158.012763668463,777573.196486962
123,10,Oahu,C,00_to_15,128,21.53,-157.98,21.5349311463705,-157.993539876599,691555.314599073
124,10,Oahu,C,00_to_15,143,21.57,-158.06,21.5615918389366,-158.051569099225,462199.995202536
125,10,Oahu,C,00_to_15,144,21.57,-158.02,21.5622977917043,-158.018823807633,2338883.22792631
126,10,Oahu,C,00_to_15,145,21.57,-157.98,21.5563528311966,-157.999558404602,20272.6278569163
127,10,Oahu,other,00_to_15,109,21.49,-158.06,21.5021062075389,-158.05270518303,66469.4045900122
128,10,Oahu,other,00_to_15,110,21.49,-158.02,21.5059385438914,-158.022467348488,199546.58851692
129,10,Oahu,other,00_to_15,125,21.53,-158.1,21.5431695035646,-158.09195401484,83414.6954887204
130,10,Oahu,other,00_to_15,126,21.53,-158.06,21.5379587387531,-158.06060500958,365146.872020077
131,10,Oahu,other,00_to_15,127,21.53,-158.02,21.5287283010324,-158.021739208853,598569.387260256
132,10,Oahu,other,00_to_15,128,21.53,-157.98,21.5302042856485,-157.98955700182,158078.188454062
133,10,Oahu,other,00_to_15,141,21.57,-158.14,21.577134502924,-158.120087719325,3609.60699009756
134,10,Oahu,other,00_to_15,142,21.57,-158.1,21.5737112863616,-158.10617786359,1010359.17151548
135,10,Oahu,other,00_to_15,143,21.57,-158.06,21.5656940323613,-158.058106843984,557415.65397741
136,10,Oahu,other,00_to_15,144,21.57,-158.02,21.5605738704504,-158.025440558541,505729.165812204
137,10,Oahu,other,00_to_15,145,21.57,-157.98,21.5578251507321,-157.999074791889,25370.1140107149
138,10,Oahu,other,00_to_15,159,21.61,-158.1,21.5909710022933,-158.092771983147,74743.2259101059
139,11,Oahu,B,00_to_15,143,21.57,-158.06,21.589446988197,-158.054284696821,17857.442124766
140,11,Oahu,B,00_to_15,159,21.61,-158.1,21.6013526818586,-158.085691417403,89591.3085110792
141,11,Oahu,B,00_to_15,160,21.61,-158.06,21.6107966117253,-158.056821294669,3943180.08714143
142,11,Oahu,B,00_to_15,161,21.61,-158.02,21.6180144777328,-158.039894437709,1654.854134375
143,11,Oahu,B,00_to_15,177,21.65,-158.06,21.6323041307935,-158.057480036707,141807.684212355
144,11,Oahu,C,00_to_15,143,21.57,-158.06,21.5886376776794,-158.042331391504,47254.6369793612
145,11,Oahu,C,00_to_15,144,21.57,-158.02,21.5888066946258,-158.037761080084,105893.397134865
146,11,Oahu,C,00_to_15,159,21.61,-158.1,21.612000261561,-158.090792163663,87302.573847058
147,11,Oahu,C,00_to_15,160,21.61,-158.06,21.6091312436756,-158.049038612402,665684.470399711
148,11,Oahu,C,00_to_15,161,21.61,-158.02,21.6028557400024,-158.033949284754,914222.40500355
149,11,Oahu,C,00_to_15,177,21.65,-158.06,21.6350268031189,-158.056903021478,1786.35644122581
150,11,Oahu,other,00_to_15,143,21.57,-158.06,21.5892789344778,-158.044459409571,27353.0679675167
151,11,Oahu,other,00_to_15,144,21.57,-158.02,21.5890998135231,-158.038587484383,8019.56942264204
152,11,Oahu,other,00_to_15,159,21.61,-158.1,21.6057027486519,-158.093610697963,2015008.68731231
153,11,Oahu,other,00_to_15,160,21.61,-158.06,21.6115178208594,-158.060268931553,852890.058154775
154,11,Oahu,other,00_to_15,161,21.61,-158.02,21.603303686534,-158.027332167989,691180.419206002
155,11,Oahu,other,00_to_15,177,21.65,-158.06,21.6323782386647,-158.066064295833,87555.8884018455
156,12,Oahu,B,00_to_15,177,21.65,-158.06,21.6498884721122,-158.050506981886,557628.852735624
157,12,Oahu,B,00_to_15,178,21.65,-158.02,21.6574530504641,-158.035979236255,193127.749056237
158,12,Oahu,B,00_to_15,195,21.69,-158.02,21.6911736810306,-158.011443261296,435607.621670945
159,12,Oahu,B,00_to_15,196,21.69,-157.98,21.6850219814308,-157.996712313541,445682.289772484
160,12,Oahu,C,00_to_15,177,21.65,-158.06,21.6512639301061,-158.048359736146,276610.030933059
161,12,Oahu,C,00_to_15,178,21.65,-158.02,21.6592053774189,-158.030464812591,954145.424460877
162,12,Oahu,C,00_to_15,195,21.69,-158.02,21.6767244141255,-158.019421492841,1139422.08774097
163,12,Oahu,C,00_to_15,196,21.69,-157.98,21.6809835170942,-157.996565143842,235057.991301523
164,12,Oahu,other,00_to_15,177,21.65,-158.06,21.6541572798807,-158.049117675746,827096.944873861
165,12,Oahu,other,00_to_15,178,21.65,-158.02,21.6542427158895,-158.029340731732,420799.34766565
166,12,Oahu,other,00_to_15,179,21.65,-157.98,21.6695089285714,-157.995034722266,5501.73696125697
167,12,Oahu,other,00_to_15,194,21.69,-158.06,21.6710119047619,-158.04149515997,60629.916890822
168,12,Oahu,other,00_to_15,195,21.69,-158.02,21.6809208715813,-158.01981185611,795516.365432594
169,12,Oahu,other,00_to_15,196,21.69,-157.98,21.6818275594045,-157.995369040078,121065.535177628
170,13,Oahu,B,00_to_15,163,21.61,-157.94,21.6284895311979,-157.924285118506,43863.6943757703
171,13,Oahu,B,00_to_15,179,21.65,-157.98,21.6676500426702,-157.964910044004,106186.422060358
172,13,Oahu,B,00_to_15,180,21.65,-157.94,21.6541375093743,-157.941341438607,2661586.40457308
173,13,Oahu,B,00_to_15,196,21.69,-157.98,21.6842871127206,-157.972475971473,2608355.24004802
174,13,Oahu,B,00_to_15,197,21.69,-157.94,21.6831399708117,-157.955126166099,880292.905235382
175,13,Oahu,C,00_to_15,163,21.61,-157.94,21.6295713601532,-157.944943326999,11398.4767556392
176,13,Oahu,C,00_to_15,179,21.65,-157.98,21.6610118546327,-157.969329348867,753516.560124304
177,13,Oahu,C,00_to_15,180,21.65,-157.94,21.6534869304768,-157.944256489761,985388.923047767
178,13,Oahu,C,00_to_15,196,21.69,-157.98,21.6835892393951,-157.981009561994,801483.779357828
179,13,Oahu,C,00_to_15,197,21.69,-157.94,21.6713421338407,-157.945513819912,56611.3544283295
180,13,Oahu,other,00_to_15,163,21.61,-157.94,21.6296915379389,-157.927424689072,8877.64860195037
181,13,Oahu,other,00_to_15,179,21.65,-157.98,21.6600941901801,-157.971494857403,300141.985093904
182,13,Oahu,other,00_to_15,180,21.65,-157.94,21.6500352806204,-157.938934594883,1286650.67643703
183,13,Oahu,other,00_to_15,196,21.69,-157.98,21.6959518993502,-157.970394872697,2231284.79775243
184,13,Oahu,other,00_to_15,197,21.69,-157.94,21.6903114146247,-157.955303103361,683461.481311195
185,14,Oahu,B,00_to_15,147,21.57,-157.9,21.5798860716694,-157.890845177765,695604.22010248
186,14,Oahu,B,00_to_15,164,21.61,-157.9,21.5963006708157,-157.90067351707,544131.511906954
187,14,Oahu,C,00_to_15,147,21.57,-157.9,21.5773978049682,-157.889071738108,684761.489070639
188,14,Oahu,C,00_to_15,148,21.57,-157.86,21.5715308065074,-157.878491692687,20765.8279363009
189,14,Oahu,C,00_to_15,163,21.61,-157.94,21.6239129273504,-157.920778133957,10179.3489607132
190,14,Oahu,C,00_to_15,164,21.61,-157.9,21.59643927369,-157.900470280923,321065.252824489
191,14,Oahu,other,00_to_15,147,21.57,-157.9,21.5714235178558,-157.891238410321,216298.837227875
192,14,Oahu,other,00_to_15,148,21.57,-157.86,21.5723292923508,-157.878050093396,85856.7580070002
193,14,Oahu,other,00_to_15,163,21.61,-157.94,21.6223591753775,-157.920569912301,28233.2156066955
194,14,Oahu,other,00_to_15,164,21.61,-157.9,21.6117387589538,-157.913080942142,333356.395544205
195,15,Oahu,B,00_to_15,114,21.49,-157.86,21.5088573232323,-157.851672979862,8871.87215824114
196,15,Oahu,B,00_to_15,131,21.53,-157.86,21.5344989397302,-157.845255947397,370163.586661606
197,15,Oahu,C,00_to_15,81,21.41,-157.82,21.398287037037,-157.809398148218,98.2856531893096
198,15,Oahu,C,00_to_15,114,21.49,-157.86,21.4908311382033,-157.856339660697,1068328.04096698
199,15,Oahu,C,00_to_15,131,21.53,-157.86,21.5330425285649,-157.848685291435,282356.041473695
200,15,Oahu,C,00_to_15,132,21.53,-157.82,21.5230041260387,-157.8371775803,374204.250699678
201,15,Oahu,C,00_to_15,148,21.57,-157.86,21.5522639460448,-157.851129972629,8013.70144022727
202,15,Oahu,other,00_to_15,65,21.37,-157.78,21.3892635414647,-157.787612387766,56406.0726860694
203,15,Oahu,other,00_to_15,81,21.41,-157.82,21.410049264709,-157.814609671986,749093.283326469
204,15,Oahu,other,00_to_15,82,21.41,-157.78,21.3913621794869,-157.789391213148,97240.235306334
205,15,Oahu,other,00_to_15,97,21.45,-157.86,21.4571197089947,-157.847469932819,1581424.14257017
206,15,Oahu,other,00_to_15,98,21.45,-157.82,21.44921086431,-157.836507211038,434178.612148744
207,15,Oahu,other,00_to_15,114,21.49,-157.86,21.4895132494747,-157.852882705983,1301525.79868305
208,15,Oahu,other,00_to_15,131,21.53,-157.86,21.5300445018761,-157.849296063596,356614.378123635
209,15,Oahu,other,00_to_15,132,21.53,-157.82,21.523871999559,-157.838534585175,128257.34880513
210,15,Oahu,other,00_to_15,148,21.57,-157.86,21.5516147741148,-157.851364468929,17900.7433840237
211,16,Oahu,B,00_to_15,49,21.33,-157.74,21.3393831994902,-157.729895443806,1607140.63766303
212,16,Oahu,B,00_to_15,50,21.33,-157.7,21.3352962754939,-157.714785565625,832926.352648338
213,16,Oahu,C,00_to_15,49,21.33,-157.74,21.3415058468076,-157.737701942245,560626.2925886
214,16,Oahu,C,00_to_15,50,21.33,-157.7,21.3286912032478,-157.709381174828,354692.551724141
215,16,Oahu,C,00_to_15,65,21.37,-157.78,21.3707506552677,-157.763814420183,290427.934505519
216,16,Oahu,C,00_to_15,66,21.37,-157.74,21.3654833112839,-157.746623353285,51543.2353467505
217,16,Oahu,other,00_to_15,49,21.33,-157.74,21.3388347458859,-157.738953869558,448095.759467234
218,16,Oahu,other,00_to_15,50,21.33,-157.7,21.3343816218063,-157.707168364463,1254520.12021965
219,16,Oahu,other,00_to_15,65,21.37,-157.78,21.3685484482014,-157.76741130963,700743.030638468
220,16,Oahu,other,00_to_15,66,21.37,-157.74,21.3671346279907,-157.742207288672,889877.514311707
221,17,Oahu,other,00_to_15,33,21.29,-157.7,21.3051062140287,-157.695078888311,219956.478815353
222,1,Oahu,B,15_to_30,89,21.45,-158.18,21.4567387328124,-158.171601698762,396.793048126073
223,1,Oahu,C,15_to_30,89,21.45,-158.18,21.4570589668616,-158.17739156922,7474.57684253542
224,1,Oahu,other,15_to_30,89,21.45,-158.18,21.4624404813544,-158.178462180774,1260226.78205721
225,1,Oahu,other,15_to_30,90,21.45,-158.14,21.4643917731235,-158.154331427038,147116.564000439
226,1,Oahu,other,15_to_30,105,21.49,-158.22,21.5035407426602,-158.213888060898,759022.385687436
227,1,Oahu,other,15_to_30,106,21.49,-158.18,21.4796044244545,-158.17096669728,1381519.66461602
228,1,Oahu,other,15_to_30,107,21.49,-158.14,21.4773219455083,-158.155909100606,470698.805157275
229,1,Oahu,other,15_to_30,122,21.53,-158.22,21.5123777418196,-158.22193033083,101314.570771877
230,2,Oahu,B,15_to_30,90,21.45,-158.14,21.4453166666667,-158.155961111133,2459.30473618716
231,2,Oahu,other,15_to_30,56,21.37,-158.14,21.3892733042031,-158.143836350419,8753.63077017908
232,2,Oahu,other,15_to_30,72,21.41,-158.18,21.4079642609899,-158.164173048653,84253.2008196819
233,2,Oahu,other,15_to_30,73,21.41,-158.14,21.3997215600795,-158.147259248546,509239.88916265
234,2,Oahu,other,15_to_30,89,21.45,-158.18,21.4399095531626,-158.170183429587,140098.469390263
235,2,Oahu,other,15_to_30,90,21.45,-158.14,21.4576622383253,-158.153691589834,124488.228667424
236,3,Oahu,other,15_to_30,39,21.33,-158.14,21.3482424090757,-158.123666305221,65562.0047392077
237,3,Oahu,other,15_to_30,40,21.33,-158.1,21.3422025427569,-158.095841686519,32201.5984249633
238,3,Oahu,other,15_to_30,56,21.37,-158.14,21.3774315916012,-158.12604058656,930484.880964999
239,3,Oahu,other,15_to_30,57,21.37,-158.1,21.3721725236928,-158.108561771936,2004183.64503592
240,3,Oahu,other,15_to_30,73,21.41,-158.14,21.3960141959561,-158.124599832321,771758.119756549
241,3,Oahu,other,15_to_30,74,21.41,-158.1,21.4018807729001,-158.115444806371,886480.229527139
242,4,Oahu,B,15_to_30,41,21.33,-158.06,21.3457493894994,-158.076064814848,8895.72671561469
243,4,Oahu,B,15_to_30,58,21.37,-158.06,21.3673787091836,-158.057586075074,109460.383574528
244,4,Oahu,B,15_to_30,59,21.37,-158.02,21.3720262119902,-158.037406905798,19961.4451016408
245,4,Oahu,C,15_to_30,40,21.33,-158.1,21.3363425925926,-158.089722222253,197.083086750562
246,4,Oahu,C,15_to_30,58,21.37,-158.06,21.3577777777778,-158.062916666702,197.310333527815
247,4,Oahu,C,15_to_30,59,21.37,-158.02,21.357748967071,-158.031958895732,2174.08792615161
248,4,Oahu,other,15_to_30,40,21.33,-158.1,21.3394248609074,-158.08734807485,156707.992226795
249,4,Oahu,other,15_to_30,41,21.33,-158.06,21.3466831683168,-158.072264163951,39785.8977365266
250,4,Oahu,other,15_to_30,57,21.37,-158.1,21.370160331384,-158.080230506855,9354.35822530873
251,4,Oahu,other,15_to_30,58,21.37,-158.06,21.35961547007,-158.070549340195,1507292.66431087
252,4,Oahu,other,15_to_30,59,21.37,-158.02,21.3694573068248,-158.036259723913,73760.697066582
253,6,Oahu,other,15_to_30,61,21.37,-157.94,21.3843055555556,-157.940601851903,98.4446140281071
254,6,Oahu,other,15_to_30,62,21.37,-157.9,21.376217640651,-157.904471357227,56904.5007570715
255,6,Oahu,other,15_to_30,78,21.41,-157.94,21.3992268657546,-157.929141224611,32782.5935510244
256,7,Oahu,A,15_to_30,94,21.45,-157.98,21.4669907407407,-157.963287037086,98.522039889406
257,7,Oahu,B,15_to_30,76,21.41,-158.02,21.4189684142348,-158.019500592009,38189.757683009
258,7,Oahu,B,15_to_30,77,21.41,-157.98,21.4127893892719,-157.984580480512,76549.5066673906
259,7,Oahu,B,15_to_30,93,21.45,-158.02,21.4665538358032,-158.020955297858,6878.19510547592
260,7,Oahu,B,15_to_30,94,21.45,-157.98,21.454824792724,-157.979928296015,321480.384058628
261,7,Oahu,B,15_to_30,110,21.49,-158.02,21.472159024942,-158.021283925618,16826.7233523956
262,7,Oahu,B,15_to_30,111,21.49,-157.98,21.4749386743333,-157.974724517214,41943.2719316142
263,7,Oahu,C,15_to_30,77,21.41,-157.98,21.3908796296296,-157.982669753132,593.96700143662
264,7,Oahu,C,15_to_30,93,21.45,-158.02,21.4670601851852,-158.021273148189,384.58114568421
265,7,Oahu,C,15_to_30,94,21.45,-157.98,21.4576519205314,-157.970743314631,121540.140372141
266,7,Oahu,C,15_to_30,95,21.45,-157.94,21.4475243461621,-157.953673128561,134748.999203448
267,7,Oahu,C,15_to_30,110,21.49,-158.02,21.4723692332683,-158.018238304135,5550.317267664
268,7,Oahu,C,15_to_30,111,21.49,-157.98,21.4759491916518,-157.97298846282,69718.7725959164
269,7,Oahu,C,15_to_30,112,21.49,-157.94,21.4719645886344,-157.958088422441,12925.9653958571
270,7,Oahu,other,15_to_30,60,21.37,-157.98,21.3893981481481,-157.99018518523,393.590109764033
271,7,Oahu,other,15_to_30,76,21.41,-158.02,21.4210597416269,-158.013144458664,140558.361509512
272,7,Oahu,other,15_to_30,77,21.41,-157.98,21.4160183874547,-157.978363300691,591008.409009115
273,7,Oahu,other,15_to_30,93,21.45,-158.02,21.4506688820722,-158.013343842351,48116.9428853247
274,7,Oahu,other,15_to_30,94,21.45,-157.98,21.447727828243,-157.977267869913,1166744.30937848
275,7,Oahu,other,15_to_30,95,21.45,-157.94,21.4438224394542,-157.950624018218,751149.647684814
276,7,Oahu,other,15_to_30,110,21.49,-158.02,21.4787717201808,-158.010256865557,36019.1093899262
277,7,Oahu,other,15_to_30,111,21.49,-157.98,21.4769257266313,-157.976050921647,474353.995463486
278,7,Oahu,other,15_to_30,112,21.49,-157.94,21.471902173913,-157.957860306007,4522.78362678615
279,8,Oahu,B,15_to_30,58,21.37,-158.06,21.3829773512737,-158.061711488608,485001.559788466
280,8,Oahu,B,15_to_30,74,21.41,-158.1,21.4131687752108,-158.080870462079,9931.51874676729
281,8,Oahu,B,15_to_30,75,21.41,-158.06,21.403842579969,-158.062321368295,824995.532044937
282,8,Oahu,B,15_to_30,76,21.41,-158.02,21.4242580721747,-158.031910019032,7663.78829396279
283,8,Oahu,B,15_to_30,92,21.45,-158.06,21.45014567062,-158.054576154059,241128.375063989
284,8,Oahu,B,15_to_30,93,21.45,-158.02,21.4363027436169,-158.036013438538,77455.0160650578
285,8,Oahu,B,15_to_30,108,21.49,-158.1,21.4848996967025,-158.081436840451,8852.96902003461
286,8,Oahu,B,15_to_30,109,21.49,-158.06,21.4804672223851,-158.067961795258,105955.430824771
287,8,Oahu,C,15_to_30,58,21.37,-158.06,21.3823836122004,-158.070159535267,223190.259750232
288,8,Oahu,C,15_to_30,75,21.41,-158.06,21.4176960030794,-158.070736099957,528561.709589758
289,8,Oahu,C,15_to_30,76,21.41,-158.02,21.4290523627823,-158.038906075725,16546.3762976709
290,8,Oahu,C,15_to_30,92,21.45,-158.06,21.4563517391981,-158.065330352274,271781.761678653
291,8,Oahu,C,15_to_30,93,21.45,-158.02,21.447417944527,-158.036551076259,27222.9118765871
292,8,Oahu,C,15_to_30,108,21.49,-158.1,21.4756807649474,-158.08480376829,70973.998907433
293,8,Oahu,C,15_to_30,109,21.49,-158.06,21.4754916244497,-158.066289596588,125513.348451952
294,8,Oahu,other,15_to_30,57,21.37,-158.1,21.3808682827053,-158.08426703521,431305.827304172
295,8,Oahu,other,15_to_30,58,21.37,-158.06,21.3793503022984,-158.067073057084,1794248.78267857
296,8,Oahu,other,15_to_30,74,21.41,-158.1,21.4018629902356,-158.081981702213,225664.840847898
297,8,Oahu,other,15_to_30,75,21.41,-158.06,21.407693202784,-158.06932159099,2015497.1419315
298,8,Oahu,other,15_to_30,76,21.41,-158.02,21.4252340015609,-158.032464271817,112070.319716159
299,8,Oahu,other,15_to_30,91,21.45,-158.1,21.4671190616411,-158.088880284026,139233.661073332
300,8,Oahu,other,15_to_30,92,21.45,-158.06,21.4474627868968,-158.064197114391,1956365.77805294
301,8,Oahu,other,15_to_30,93,21.45,-158.02,21.4387371180455,-158.035400018939,150987.769415048
302,8,Oahu,other,15_to_30,108,21.49,-158.1,21.4759114633558,-158.085700327017,651469.416650206
303,8,Oahu,other,15_to_30,109,21.49,-158.06,21.480071114418,-158.070731101224,550752.164913608
304,9,Oahu,B,15_to_30,140,21.57,-158.18,21.5633158630329,-158.163288492916,31215.2680233305
305,9,Oahu,B,15_to_30,141,21.57,-158.14,21.5618420468204,-158.146878619946,103999.09274039
306,9,Oahu,B,15_to_30,142,21.57,-158.1,21.5536462516734,-158.116151383338,40792.4406014865
307,9,Oahu,C,15_to_30,141,21.57,-158.14,21.5553234941195,-158.140464471248,112606.032760611
308,9,Oahu,other,15_to_30,123,21.53,-158.18,21.5481076950737,-158.182297847016,81030.8736009335
309,9,Oahu,other,15_to_30,124,21.53,-158.14,21.5448738356132,-158.134393615439,1386144.28239455
310,9,Oahu,other,15_to_30,125,21.53,-158.1,21.5351769870278,-158.103517732804,1309425.48112346
311,9,Oahu,other,15_to_30,139,21.57,-158.22,21.569866999281,-158.204468356721,202528.942379035
312,9,Oahu,other,15_to_30,140,21.57,-158.18,21.5629711352481,-158.179242918115,1065673.7632087
313,9,Oahu,other,15_to_30,141,21.57,-158.14,21.5544149395659,-158.143312956864,689492.001109533
314,9,Oahu,other,15_to_30,142,21.57,-158.1,21.5509008145223,-158.114804222396,99570.1469087879
315,10,Oahu,B,15_to_30,109,21.49,-158.06,21.5070820945618,-158.058674049512,14365.9457933824
316,10,Oahu,B,15_to_30,110,21.49,-158.02,21.5050177136143,-158.027659143961,29249.5234034794
317,10,Oahu,B,15_to_30,125,21.53,-158.1,21.5405115473807,-158.088446028098,125547.082264864
318,10,Oahu,B,15_to_30,126,21.53,-158.06,21.5347114584627,-158.065362136766,155726.044448525
319,10,Oahu,B,15_to_30,127,21.53,-158.02,21.527572939103,-158.021377658565,351169.687421573
320,10,Oahu,B,15_to_30,128,21.53,-157.98,21.5293320429231,-157.99644016576,39992.682457914
321,10,Oahu,B,15_to_30,142,21.57,-158.1,21.5649673198916,-158.093895146881,274214.41843491
322,10,Oahu,B,15_to_30,143,21.57,-158.06,21.5702662843455,-158.059347401968,388572.755609235
323,10,Oahu,B,15_to_30,144,21.57,-158.02,21.5654978358164,-158.035096191255,177987.488793368
324,10,Oahu,B,15_to_30,159,21.61,-158.1,21.5911794532628,-158.095831128778,2058.27231955982
325,10,Oahu,C,15_to_30,109,21.49,-158.06,21.5052648390707,-158.057909788326,21812.5292460397
326,10,Oahu,C,15_to_30,110,21.49,-158.02,21.5063479145202,-158.021094322013,37087.8970808569
327,10,Oahu,C,15_to_30,125,21.53,-158.1,21.5319619036849,-158.081925776513,5424.83694320057
328,10,Oahu,C,15_to_30,126,21.53,-158.06,21.5273610453104,-158.068507840022,51842.3508695881
329,10,Oahu,C,15_to_30,127,21.53,-158.02,21.537130516522,-158.010770834008,208258.282072965
330,10,Oahu,C,15_to_30,128,21.53,-157.98,21.5346583600079,-157.993358372844,87519.8849483991
331,10,Oahu,C,15_to_30,143,21.57,-158.06,21.5640128630986,-158.050447291702,82098.1254523856
332,10,Oahu,C,15_to_30,144,21.57,-158.02,21.5648763287419,-158.020134748906,514392.674241787
333,10,Oahu,C,15_to_30,145,21.57,-157.98,21.5556944444444,-157.999361111155,974.645570044054
334,10,Oahu,other,15_to_30,109,21.49,-158.06,21.506541732877,-158.06192748445,89379.7171188179
335,10,Oahu,other,15_to_30,110,21.49,-158.02,21.5059356486517,-158.022318643494,180762.262047362
336,10,Oahu,other,15_to_30,125,21.53,-158.1,21.5454593346163,-158.090758688231,125032.59840446
337,10,Oahu,other,15_to_30,126,21.53,-158.06,21.5323200513032,-158.060830165401,371026.843082125
338,10,Oahu,other,15_to_30,127,21.53,-158.02,21.5302346963473,-158.020040990445,1104692.83351296
339,10,Oahu,other,15_to_30,128,21.53,-157.98,21.5308308474611,-157.992858088729,185031.158980765
340,10,Oahu,other,15_to_30,142,21.57,-158.1,21.5702785972601,-158.091782318061,837127.553285672
341,10,Oahu,other,15_to_30,143,21.57,-158.06,21.5654713730131,-158.059805940311,1103827.94294801
342,10,Oahu,other,15_to_30,144,21.57,-158.02,21.5618855314247,-158.023369860924,1007429.06937023
343,10,Oahu,other,15_to_30,145,21.57,-157.98,21.5576663237311,-157.999598765476,5310.02386270776
344,10,Oahu,other,15_to_30,159,21.61,-158.1,21.5907125998548,-158.088837146001,10044.544193453
345,11,Oahu,B,15_to_30,143,21.57,-158.06,21.5895298464355,-158.072848723549,10805.9543461889
346,11,Oahu,B,15_to_30,159,21.61,-158.1,21.6071100699858,-158.082547406496,15675.6724051843
347,11,Oahu,B,15_to_30,160,21.61,-158.06,21.6078395801856,-158.062225727362,687894.689320657
348,11,Oahu,B,15_to_30,161,21.61,-158.02,21.6176203703704,-158.039787037075,481.467141875
349,11,Oahu,B,15_to_30,177,21.65,-158.06,21.6327180868676,-158.060415194597,77679.7666936104
350,11,Oahu,C,15_to_30,143,21.57,-158.06,21.5891982401,-158.040795240068,6326.24263498534
351,11,Oahu,C,15_to_30,144,21.57,-158.02,21.5891377314815,-158.036038773187,3158.05098631472
352,11,Oahu,C,15_to_30,160,21.61,-158.06,21.6089814018367,-158.045425221932,227724.096340264
353,11,Oahu,C,15_to_30,161,21.61,-158.02,21.6046130999387,-158.034106531519,226647.786085174
354,11,Oahu,C,15_to_30,177,21.65,-158.06,21.6350617283951,-158.056751543246,1128.22512077419
355,11,Oahu,other,15_to_30,143,21.57,-158.06,21.5895546169116,-158.043388089386,27256.0784179815
356,11,Oahu,other,15_to_30,144,21.57,-158.02,21.5893910489318,-158.038034452096,7806.93915129829
357,11,Oahu,other,15_to_30,159,21.61,-158.1,21.6082379062736,-158.085090643928,154086.009349218
358,11,Oahu,other,15_to_30,160,21.61,-158.06,21.6098065090707,-158.053984009687,1950200.45228294
359,11,Oahu,other,15_to_30,161,21.61,-158.02,21.6035676187962,-158.03133188004,973801.308735246
360,11,Oahu,other,15_to_30,177,21.65,-158.06,21.6318893791959,-158.058462604697,96390.0027024803
361,12,Oahu,B,15_to_30,177,21.65,-158.06,21.6531379219413,-158.049747884335,69292.6544825419
362,12,Oahu,B,15_to_30,178,21.65,-158.02,21.655927695275,-158.03493536729,50645.5505684495
363,12,Oahu,B,15_to_30,195,21.69,-158.02,21.6899907407407,-158.003921296339,1959.17984036156
364,12,Oahu,B,15_to_30,196,21.69,-157.98,21.6827012258841,-157.996926476859,64910.8201549869
365,12,Oahu,C,15_to_30,177,21.65,-158.06,21.6544416279868,-158.0452825846,257018.905026021
366,12,Oahu,C,15_to_30,178,21.65,-158.02,21.6574506598141,-158.03123054956,543112.718368576
367,12,Oahu,C,15_to_30,195,21.69,-158.02,21.6779147036032,-158.018320368831,601068.243142544
368,12,Oahu,C,15_to_30,196,21.69,-157.98,21.6821384005983,-157.997920896784,96326.4840866748
369,12,Oahu,other,15_to_30,177,21.65,-158.06,21.6532062967672,-158.048454264169,810205.139522603
370,12,Oahu,other,15_to_30,178,21.65,-158.02,21.658527695708,-158.024193652556,1473179.11846428
371,12,Oahu,other,15_to_30,179,21.65,-157.98,21.667800653101,-157.995649953034,108364.569076187
372,12,Oahu,other,15_to_30,194,21.69,-158.06,21.6707984682213,-158.040633859206,7972.44037038404
373,12,Oahu,other,15_to_30,195,21.69,-158.02,21.6787611583949,-158.014228427578,1400255.30833143
374,12,Oahu,other,15_to_30,196,21.69,-157.98,21.6797194557938,-157.996183953357,365129.817702221
375,13,Oahu,B,15_to_30,163,21.61,-157.94,21.6284849144052,-157.925508382432,22488.809731235
376,13,Oahu,B,15_to_30,179,21.65,-157.98,21.6674807840161,-157.96717908953,41959.8627288897
377,13,Oahu,B,15_to_30,180,21.65,-157.94,21.6531598415092,-157.944610260514,576808.225650631
378,13,Oahu,B,15_to_30,196,21.69,-157.98,21.6807780415239,-157.974916602214,398383.255421209
379,13,Oahu,B,15_to_30,197,21.69,-157.94,21.6714593959328,-157.957210424186,40507.7753232836
380,13,Oahu,C,15_to_30,163,21.61,-157.94,21.6293152688434,-157.945839684364,25103.0396517356
381,13,Oahu,C,15_to_30,179,21.65,-157.98,21.6618994279494,-157.975069328602,700689.64830037
382,13,Oahu,C,15_to_30,180,21.65,-157.94,21.6469291173136,-157.950592926427,675423.501787481
383,13,Oahu,C,15_to_30,196,21.69,-157.98,21.6793391145642,-157.981813247616,333686.749975063
384,13,Oahu,C,15_to_30,197,21.69,-157.94,21.6725,-157.953425925976,625.107043297297
385,13,Oahu,other,15_to_30,163,21.61,-157.94,21.6284978098013,-157.947206470574,49737.9598481822
386,13,Oahu,other,15_to_30,179,21.65,-157.98,21.6594196073101,-157.97268091935,1513168.12308662
387,13,Oahu,other,15_to_30,180,21.65,-157.94,21.6466888938357,-157.9465215965,1610576.86058592
388,13,Oahu,other,15_to_30,196,21.69,-157.98,21.6802798739268,-157.979935286622,1353590.03726277
389,13,Oahu,other,15_to_30,197,21.69,-157.94,21.6719842295815,-157.952516430012,68872.3491518024
390,14,Oahu,B,15_to_30,147,21.57,-157.9,21.5798337125057,-157.895112259663,36880.2228771017
391,14,Oahu,B,15_to_30,164,21.61,-157.9,21.5950756549232,-157.904977190662,20153.0189595168
392,14,Oahu,C,15_to_30,147,21.57,-157.9,21.5732740779999,-157.893037021471,141040.704552719
393,14,Oahu,C,15_to_30,148,21.57,-157.86,21.5712577160494,-157.878641975369,1164.43894969912
394,14,Oahu,C,15_to_30,163,21.61,-157.94,21.6249045138889,-157.921851851906,3132.10737252713
395,14,Oahu,C,15_to_30,164,21.61,-157.9,21.5963483796296,-157.905399305612,1575.26127501436
396,14,Oahu,other,15_to_30,147,21.57,-157.9,21.5730858935727,-157.895398784579,369048.075229163
397,14,Oahu,other,15_to_30,148,21.57,-157.86,21.5696159904718,-157.877971991761,23701.5792436278
398,14,Oahu,other,15_to_30,163,21.61,-157.94,21.6216897942751,-157.921451452616,110867.01738239
399,14,Oahu,other,15_to_30,164,21.61,-157.9,21.6050267820093,-157.912050011292,274293.905252309
400,15,Oahu,B,15_to_30,114,21.49,-157.86,21.5095200993677,-157.851076106658,4133.48589190781
401,15,Oahu,B,15_to_30,131,21.53,-157.86,21.5122146856159,-157.847941788752,12750.7929110704
402,15,Oahu,C,15_to_30,65,21.37,-157.78,21.388959347657,-157.784950546978,3266.43121065745
403,15,Oahu,C,15_to_30,81,21.41,-157.82,21.3987191358025,-157.81174382723,884.570878703786
404,15,Oahu,C,15_to_30,114,21.49,-157.86,21.488373766019,-157.860968854302,410224.161265169
405,15,Oahu,C,15_to_30,131,21.53,-157.86,21.5328380100656,-157.850506848077,89875.1623390488
406,15,Oahu,C,15_to_30,132,21.53,-157.82,21.5250361111111,-157.837918518584,9831.9561402963
407,15,Oahu,C,15_to_30,148,21.57,-157.86,21.5508796296296,-157.850000000064,395.738342727273
408,15,Oahu,other,15_to_30,65,21.37,-157.78,21.3887884587343,-157.786997120224,50007.4780532692
409,15,Oahu,other,15_to_30,81,21.41,-157.82,21.4125562506436,-157.819108184945,318593.477615002
410,15,Oahu,other,15_to_30,82,21.41,-157.78,21.3916480906373,-157.788660743114,79229.1390906871
411,15,Oahu,other,15_to_30,97,21.45,-157.86,21.4544248939842,-157.85243071686,904064.523515099
412,15,Oahu,other,15_to_30,98,21.45,-157.82,21.4431238045557,-157.830656625002,83844.1018927311
413,15,Oahu,other,15_to_30,114,21.49,-157.86,21.4882807430881,-157.859756546344,965563.705145226
414,15,Oahu,other,15_to_30,131,21.53,-157.86,21.5276379169224,-157.852286538328,1423999.80436131
415,15,Oahu,other,15_to_30,132,21.53,-157.82,21.5279849255596,-157.838509834201,107428.726668745
416,15,Oahu,other,15_to_30,148,21.57,-157.86,21.5530687961138,-157.853570476359,49866.3565697803
417,16,Oahu,B,15_to_30,49,21.33,-157.74,21.3348773155822,-157.731271402661,43453.6716875159
418,16,Oahu,B,15_to_30,50,21.33,-157.7,21.3275847678665,-157.714864371496,13985.5199333172
419,16,Oahu,C,15_to_30,49,21.33,-157.74,21.3410178845444,-157.739908147492,170068.68985031
420,16,Oahu,C,15_to_30,50,21.33,-157.7,21.3261615262968,-157.707478048806,43856.5801504735
421,16,Oahu,C,15_to_30,65,21.37,-157.78,21.3664342498419,-157.770294697415,98968.6972291556
422,16,Oahu,C,15_to_30,66,21.37,-157.74,21.3640526252169,-157.746277924341,80714.8791087909
423,16,Oahu,other,15_to_30,49,21.33,-157.74,21.338041758765,-157.740769011466,934954.838174016
424,16,Oahu,other,15_to_30,50,21.33,-157.7,21.3263737478682,-157.709184205468,616276.236520934
425,16,Oahu,other,15_to_30,65,21.37,-157.78,21.3638142715492,-157.771223975458,874527.794999814
426,16,Oahu,other,15_to_30,66,21.37,-157.74,21.3645654546433,-157.744636767735,948743.30563454
427,17,Oahu,other,15_to_30,33,21.29,-157.7,21.285960134091,-157.693306353209,73187.4893684762
428,18,Oahu,B,15_to_30,48,21.33,-157.78,21.3161173082532,-157.782616652159,24981.053481024
429,18,Oahu,C,15_to_30,48,21.33,-157.78,21.3161765644955,-157.780340038388,8634.68379367442
430,18,Oahu,other,15_to_30,48,21.33,-157.78,21.317052055104,-157.783650519496,80758.1030276141
