<metadata xml:lang="en"><Esri><CreaDate>20160819</CreaDate><CreaTime>23055800</CreaTime><ArcGISFormat>1.0</ArcGISFormat><ArcGISstyle>FGDC CSDGM Metadata</ArcGISstyle><SyncOnce>FALSE</SyncOnce><DataProperties><lineage><Process ToolSource="c:\program files (x86)\arcgis\desktop10.2\ArcToolbox\Toolboxes\Data Management Tools.tbx\CalculateField" Date="20140904" Time="120219" Name="" export="">CalculateField oahu_gc Golf_Course_Name "Makaha Golf Course" VB #</Process><Process ToolSource="c:\program files (x86)\arcgis\desktop10.2\ArcToolbox\Toolboxes\Data Management Tools.tbx\CalculateField" Date="20140904" Time="125723" Name="" export="">CalculateField oahu_gc Golf_Course_Name "Ko Olina Golf Club" VB #</Process><Process ToolSource="c:\program files (x86)\arcgis\desktop10.2\ArcToolbox\Toolboxes\Data Management Tools.tbx\CalculateField" Date="20140904" Time="130239" Name="" export="">CalculateField oahu_gc Golf_Course_Name "West Loch Golf Course" VB #</Process><Process ToolSource="c:\program files (x86)\arcgis\desktop10.2\ArcToolbox\Toolboxes\Data Management Tools.tbx\CalculateField" Date="20140904" Time="130430" Name="" export="">CalculateField oahu_gc Golf_Course_Name "Waikele Country Club" VB #</Process><Process ToolSource="c:\program files (x86)\arcgis\desktop10.2\ArcToolbox\Toolboxes\Data Management Tools.tbx\CalculateField" Date="20140904" Time="130650" Name="" export="">CalculateField oahu_gc Golf_Course_Name "Turtle Bay Golf Course" VB #</Process><Process ToolSource="c:\program files (x86)\arcgis\desktop10.2\ArcToolbox\Toolboxes\Data Management Tools.tbx\CalculateField" Date="20140904" Time="130947" Name="" export="">CalculateField oahu_gc Golf_Course_Name "Hawaii Golf Course" VB #</Process><Process ToolSource="c:\program files (x86)\arcgis\desktop10.2\ArcToolbox\Toolboxes\Data Management Tools.tbx\CalculateField" Date="20140904" Time="131145" Name="" export="">CalculateField oahu_gc Golf_Course_Name "Luana Hills Golf Course" VB #</Process><Process ToolSource="c:\program files (x86)\arcgis\desktop10.2\ArcToolbox\Toolboxes\Data Management Tools.tbx\CalculateField" Date="20140904" Time="131223" Name="" export="">CalculateField oahu_gc Golf_Course_Name "Luana Hills Country Club" VB #</Process><Process ToolSource="c:\program files (x86)\arcgis\desktop10.2\ArcToolbox\Toolboxes\Data Management Tools.tbx\CalculateField" Date="20140904" Time="153545" Name="" export="">CalculateField oahu_gc Golf_Course_Name "Ala Wai Golf Course" VB #</Process><Process ToolSource="c:\program files (x86)\arcgis\desktop10.2\ArcToolbox\Toolboxes\Data Management Tools.tbx\CalculateField" Date="20140904" Time="155822" Name="" export="">CalculateField oahu_gc Golf_Course_Name "Bay View Golf Course" VB #</Process><Process ToolSource="c:\program files (x86)\arcgis\desktop10.2\ArcToolbox\Toolboxes\Data Management Tools.tbx\CalculateField" Date="20140904" Time="160441" Name="" export="">CalculateField oahu_gc Golf_Course_Name "Hoakalei Country Club" VB #</Process><Process ToolSource="c:\program files (x86)\arcgis\desktop10.2\ArcToolbox\Toolboxes\Conversion Tools.tbx\FeatureClassToFeatureClass" Date="20140904" Time="161141" Name="" export="">FeatureClassToFeatureClass "K:\Agencies\OP\00_New Data to clean and load\golf_courses\golf_courses.gdb\oahu_gc" C:\mydocuments\gis\energy\layers.gdb\exclusion_layers OahuGolfCourses # "TMK "TMK" true true false 8 Text 0 0 ,First,#,K:\Agencies\OP\00_New Data to clean and load\golf_courses\golf_courses.gdb\oahu_gc,TMK,-1,-1;owner "owner" true true false 40 Text 0 0 ,First,#,K:\Agencies\OP\00_New Data to clean and load\golf_courses\golf_courses.gdb\oahu_gc,owner,-1,-1;Golf_Course_Name "Golf_Course_Name" true true false 50 Text 0 0 ,First,#,K:\Agencies\OP\00_New Data to clean and load\golf_courses\golf_courses.gdb\oahu_gc,Golf_Course_Name,-1,-1" #</Process><Process ToolSource="c:\program files (x86)\arcgis\desktop10.2\ArcToolbox\Toolboxes\Data Management Tools.tbx\Merge" Date="20141013" Time="112712" Name="" export="">Merge OahuGolfCourses;hawaii_golf_courses;kauai_golf_courses;maui_golf_courses C:\mydocuments\gis\energy\statewide_data.gdb\golfcourses "Golf_Course_Name "Golf_Course_Name" true true false 50 Text 0 0 ,First,#,OahuGolfCourses,Golf_Course_Name,-1,-1,hawaii_golf_courses,Golf_Course_Name,-1,-1,kauai_golf_courses,Golf_Course_Name,-1,-1,maui_golf_courses,Golf_Course_Name,-1,-1;Shape_Length "Shape_Length" false true true 8 Double 0 0 ,First,#,OahuGolfCourses,Shape_Length,-1,-1,hawaii_golf_courses,Shape_Length,-1,-1,kauai_golf_courses,Shape_Length,-1,-1,maui_golf_courses,Shape_Length,-1,-1;Shape_Area "Shape_Area" false true true 8 Double 0 0 ,First,#,OahuGolfCourses,Shape_Area,-1,-1,hawaii_golf_courses,Shape_Area,-1,-1,kauai_golf_courses,Shape_Area,-1,-1,maui_golf_courses,Shape_Area,-1,-1"</Process><Process ToolSource="c:\program files (x86)\arcgis\desktop10.2\ArcToolbox\Toolboxes\Data Management Tools.tbx\CalculateField" Date="20141013" Time="113704" Name="" export="">CalculateField golfcourses Island "Kauai" VB #</Process><Process ToolSource="c:\program files (x86)\arcgis\desktop10.2\ArcToolbox\Toolboxes\Data Management Tools.tbx\CalculateField" Date="20141013" Time="113723" Name="" export="">CalculateField golfcourses Island "Oahu" VB #</Process><Process ToolSource="c:\program files (x86)\arcgis\desktop10.2\ArcToolbox\Toolboxes\Data Management Tools.tbx\CalculateField" Date="20141013" Time="113756" Name="" export="">CalculateField golfcourses Island "Molokai" VB #</Process><Process ToolSource="c:\program files (x86)\arcgis\desktop10.2\ArcToolbox\Toolboxes\Data Management Tools.tbx\CalculateField" Date="20141013" Time="113812" Name="" export="">CalculateField golfcourses Island "Lanai" VB #</Process><Process ToolSource="c:\program files (x86)\arcgis\desktop10.2\ArcToolbox\Toolboxes\Data Management Tools.tbx\CalculateField" Date="20141013" Time="113842" Name="" export="">CalculateField golfcourses Island "Maui" VB #</Process><Process ToolSource="c:\program files (x86)\arcgis\desktop10.2\ArcToolbox\Toolboxes\Data Management Tools.tbx\CalculateField" Date="20141013" Time="113856" Name="" export="">CalculateField golfcourses Island "Hawaii" VB #</Process><Process ToolSource="c:\program files (x86)\arcgis\desktop10.3\ArcToolbox\Toolboxes\Data Management Tools.tbx\CopyFeatures" Date="20160120" Time="144129" Name="" export="">CopyFeatures D:\Projects\Hawaii\Source\LandUse_Ownership\Golf_Courses\golfcourses.shp D:\Projects\Hawaii\Output\LandUse_Ownership\GDB\LandUse_Ownership.gdb\golfcourses # 0 0 0</Process><Process ToolSource="c:\program files (x86)\arcgis\desktop10.3\ArcToolbox\Toolboxes\Conversion Tools.tbx\FeatureClassToFeatureClass" Date="20160204" Time="115915" Name="" export="">FeatureClassToFeatureClass D:\Projects\Hawaii\StateOfHawaii_DM.gdb\golfcourses D:\Projects\Hawaii\Working\StateOfHawaii_Working.gdb\LansUseLandCoverOrTerrestrial golfcourses # "Golf_Course "Golf_Course" true true false 50 Text 0 0 ,First,#,D:\Projects\Hawaii\StateOfHawaii_DM.gdb\golfcourses,Golf_Cours,-1,-1;Island "Island" true true false 10 Text 0 0 ,First,#,D:\Projects\Hawaii\StateOfHawaii_DM.gdb\golfcourses,Island,-1,-1;Acres "Acres" true true false 4 Float 0 0 ,First,#,D:\Projects\Hawaii\StateOfHawaii_DM.gdb\golfcourses,Acres,-1,-1" #</Process><Process Name="Add Field" ToolSource="c:\program files (x86)\arcgis\desktop10.3\ArcToolbox\Toolboxes\Data Management Tools.tbx\AddField" Date="20160222" Time="093107" export="">AddField D:\Projects\Hawaii\Final\StateOfHawaii_Final.gdb\Infrastructure\golf_courses FeatureUID GUID # # # # NON_NULLABLE NON_REQUIRED #</Process><Process Name="Add Field (2)" ToolSource="c:\program files (x86)\arcgis\desktop10.3\ArcToolbox\Toolboxes\Data Management Tools.tbx\AddField" Date="20160222" Time="093107" export="">AddField D:\Projects\Hawaii\Final\StateOfHawaii_Final.gdb\Infrastructure\golf_courses CreateDate DATE # # # # NULLABLE NON_REQUIRED #</Process><Process Name="Add Field (3)" ToolSource="c:\program files (x86)\arcgis\desktop10.3\ArcToolbox\Toolboxes\Data Management Tools.tbx\AddField" Date="20160222" Time="093107" export="">AddField D:\Projects\Hawaii\Final\StateOfHawaii_Final.gdb\Infrastructure\golf_courses CreatedBy TEXT # # 50 # NON_NULLABLE REQUIRED #</Process><Process Name="Add Field (4)" ToolSource="c:\program files (x86)\arcgis\desktop10.3\ArcToolbox\Toolboxes\Data Management Tools.tbx\AddField" Date="20160222" Time="093107" export="">AddField D:\Projects\Hawaii\Final\StateOfHawaii_Final.gdb\Infrastructure\golf_courses ModifiedDate DATE # # # # NULLABLE NON_REQUIRED #</Process><Process Name="Add Field (5)" ToolSource="c:\program files (x86)\arcgis\desktop10.3\ArcToolbox\Toolboxes\Data Management Tools.tbx\AddField" Date="20160222" Time="093107" export="">AddField D:\Projects\Hawaii\Final\StateOfHawaii_Final.gdb\Infrastructure\golf_courses ModifiedBy TEXT # # 50 # NULLABLE NON_REQUIRED #</Process><Process Name="Add Field (6)" ToolSource="c:\program files (x86)\arcgis\desktop10.3\ArcToolbox\Toolboxes\Data Management Tools.tbx\AddField" Date="20160222" Time="093107" export="">AddField D:\Projects\Hawaii\Final\StateOfHawaii_Final.gdb\Infrastructure\golf_courses Agency TEXT # # 20 # NON_NULLABLE REQUIRED AgencyName</Process><Process Name="Add Field (7)" ToolSource="c:\program files (x86)\arcgis\desktop10.3\ArcToolbox\Toolboxes\Data Management Tools.tbx\AddField" Date="20160222" Time="093107" export="">AddField D:\Projects\Hawaii\Final\StateOfHawaii_Final.gdb\Infrastructure\golf_courses DeliveryDate DATE # # # # NULLABLE NON_REQUIRED #</Process><Process Name="Add Field (8)" ToolSource="c:\program files (x86)\arcgis\desktop10.3\ArcToolbox\Toolboxes\Data Management Tools.tbx\AddField" Date="20160222" Time="093107" export="">AddField D:\Projects\Hawaii\Final\StateOfHawaii_Final.gdb\Infrastructure\golf_courses SourceID TEXT # # 20 # NULLABLE NON_REQUIRED #</Process><Process Name="Add Field (9)" ToolSource="c:\program files (x86)\arcgis\desktop10.3\ArcToolbox\Toolboxes\Data Management Tools.tbx\AddField" Date="20160222" Time="093107" export="">AddField D:\Projects\Hawaii\Final\StateOfHawaii_Final.gdb\Infrastructure\golf_courses Severity LONG # # 50 # NULLABLE NON_REQUIRED #</Process><Process Name="Add Field (10)" ToolSource="c:\program files (x86)\arcgis\desktop10.3\ArcToolbox\Toolboxes\Data Management Tools.tbx\AddField" Date="20160222" Time="093107" export="">AddField D:\Projects\Hawaii\Final\StateOfHawaii_Final.gdb\Infrastructure\golf_courses PublishDate DATE # # 20 # NON_NULLABLE REQUIRED #</Process><Process Name="Add Field (11)" ToolSource="c:\program files (x86)\arcgis\desktop10.3\ArcToolbox\Toolboxes\Data Management Tools.tbx\AddField" Date="20160222" Time="093107" export="">AddField D:\Projects\Hawaii\Final\StateOfHawaii_Final.gdb\Infrastructure\golf_courses Comments TEXT # # # # NULLABLE NON_REQUIRED #</Process><Process Name="Delete Field" ToolSource="c:\program files (x86)\arcgis\desktop10.3\ArcToolbox\Toolboxes\Data Management Tools.tbx\DeleteField" Date="20160225" Time="104104" export="">DeleteField D:\Projects\Hawaii\Final\StateOfHawaii_Final.gdb\Infrastructure\golf_courses FeatureUID;CreateDate;ModifiedDate;ModifiedBy;DeliveryDate;SourceID;Severity;Comments</Process><Process Name="Add Field" ToolSource="c:\program files (x86)\arcgis\desktop10.3\ArcToolbox\Toolboxes\Data Management Tools.tbx\AddField" Date="20160225" Time="112910" export="">AddField D:\Projects\Hawaii\Final\test.gdb\Infrastructure\golf_courses FeatureUID GUID # # # # NON_NULLABLE NON_REQUIRED #</Process><Process Name="Add Field (2)" ToolSource="c:\program files (x86)\arcgis\desktop10.3\ArcToolbox\Toolboxes\Data Management Tools.tbx\AddField" Date="20160225" Time="112911" export="">AddField D:\Projects\Hawaii\Final\test.gdb\Infrastructure\golf_courses CreateDate DATE # # # # NULLABLE NON_REQUIRED #</Process><Process Name="Add Field (3)" ToolSource="c:\program files (x86)\arcgis\desktop10.3\ArcToolbox\Toolboxes\Data Management Tools.tbx\AddField" Date="20160225" Time="112911" export="">AddField D:\Projects\Hawaii\Final\test.gdb\Infrastructure\golf_courses CreatedBy TEXT # # 50 # NON_NULLABLE REQUIRED #</Process><Process Name="Add Field (4)" ToolSource="c:\program files (x86)\arcgis\desktop10.3\ArcToolbox\Toolboxes\Data Management Tools.tbx\AddField" Date="20160225" Time="112911" export="">AddField D:\Projects\Hawaii\Final\test.gdb\Infrastructure\golf_courses ModifiedDate DATE # # # # NULLABLE NON_REQUIRED #</Process><Process Name="Add Field (5)" ToolSource="c:\program files (x86)\arcgis\desktop10.3\ArcToolbox\Toolboxes\Data Management Tools.tbx\AddField" Date="20160225" Time="112912" export="">AddField D:\Projects\Hawaii\Final\test.gdb\Infrastructure\golf_courses ModifiedBy TEXT # # 50 # NULLABLE NON_REQUIRED #</Process><Process Name="Add Field (6)" ToolSource="c:\program files (x86)\arcgis\desktop10.3\ArcToolbox\Toolboxes\Data Management Tools.tbx\AddField" Date="20160225" Time="112912" export="">AddField D:\Projects\Hawaii\Final\test.gdb\Infrastructure\golf_courses Agency TEXT # # 20 # NON_NULLABLE REQUIRED AgencyName</Process><Process Name="Add Field (7)" ToolSource="c:\program files (x86)\arcgis\desktop10.3\ArcToolbox\Toolboxes\Data Management Tools.tbx\AddField" Date="20160225" Time="112912" export="">AddField D:\Projects\Hawaii\Final\test.gdb\Infrastructure\golf_courses DeliveryDate DATE # # # # NULLABLE NON_REQUIRED #</Process><Process Name="Add Field (8)" ToolSource="c:\program files (x86)\arcgis\desktop10.3\ArcToolbox\Toolboxes\Data Management Tools.tbx\AddField" Date="20160225" Time="112913" export="">AddField D:\Projects\Hawaii\Final\test.gdb\Infrastructure\golf_courses SourceID TEXT # # 20 # NULLABLE NON_REQUIRED #</Process><Process Name="Add Field (9)" ToolSource="c:\program files (x86)\arcgis\desktop10.3\ArcToolbox\Toolboxes\Data Management Tools.tbx\AddField" Date="20160225" Time="112913" export="">AddField D:\Projects\Hawaii\Final\test.gdb\Infrastructure\golf_courses Severity LONG # # 50 # NULLABLE NON_REQUIRED #</Process><Process Name="Add Field (10)" ToolSource="c:\program files (x86)\arcgis\desktop10.3\ArcToolbox\Toolboxes\Data Management Tools.tbx\AddField" Date="20160225" Time="112913" export="">AddField D:\Projects\Hawaii\Final\test.gdb\Infrastructure\golf_courses PublishDate DATE # # 20 # NON_NULLABLE REQUIRED #</Process><Process Name="Add Field (11)" ToolSource="c:\program files (x86)\arcgis\desktop10.3\ArcToolbox\Toolboxes\Data Management Tools.tbx\AddField" Date="20160225" Time="112913" export="">AddField D:\Projects\Hawaii\Final\test.gdb\Infrastructure\golf_courses Comments TEXT # # # # NULLABLE NON_REQUIRED #</Process><Process ToolSource="c:\program files (x86)\arcgis\desktop10.3\ArcToolbox\Toolboxes\Data Management Tools.tbx\DeleteFeatures" Date="20160321" Time="102636" Name="" export="">DeleteFeatures D:\Projects\Hawaii\Final\StateOfHawaii_Final.gdb\Infrastructure\golf_courses</Process><Process Name="Add Field" ToolSource="c:\program files (x86)\arcgis\desktop10.3\ArcToolbox\Toolboxes\Data Management Tools.tbx\AddField" Date="20160518" Time="143400" export="">AddField "D:\Work\Projects\State of Hawaii\Final_051716\StateOfHawaii_Final.gdb\Infrastructure\golf_courses" FeatureUID GUID # # # # NULLABLE NON_REQUIRED #</Process><Process Name="Add Field (2)" ToolSource="c:\program files (x86)\arcgis\desktop10.3\ArcToolbox\Toolboxes\Data Management Tools.tbx\AddField" Date="20160518" Time="143400" export="">AddField "D:\Work\Projects\State of Hawaii\Final_051716\StateOfHawaii_Final.gdb\Infrastructure\golf_courses" CreateDate DATE # # # # NULLABLE NON_REQUIRED #</Process><Process Name="Add Field (3)" ToolSource="c:\program files (x86)\arcgis\desktop10.3\ArcToolbox\Toolboxes\Data Management Tools.tbx\AddField" Date="20160518" Time="143401" export="">AddField "D:\Work\Projects\State of Hawaii\Final_051716\StateOfHawaii_Final.gdb\Infrastructure\golf_courses" CreatedBy TEXT # # 50 # NULLABLE NON_REQUIRED #</Process><Process Name="Add Field (4)" ToolSource="c:\program files (x86)\arcgis\desktop10.3\ArcToolbox\Toolboxes\Data Management Tools.tbx\AddField" Date="20160518" Time="143401" export="">AddField "D:\Work\Projects\State of Hawaii\Final_051716\StateOfHawaii_Final.gdb\Infrastructure\golf_courses" ModifiedDate DATE # # # # NULLABLE NON_REQUIRED #</Process><Process Name="Add Field (5)" ToolSource="c:\program files (x86)\arcgis\desktop10.3\ArcToolbox\Toolboxes\Data Management Tools.tbx\AddField" Date="20160518" Time="143401" export="">AddField "D:\Work\Projects\State of Hawaii\Final_051716\StateOfHawaii_Final.gdb\Infrastructure\golf_courses" ModifiedBy TEXT # # 50 # NULLABLE NON_REQUIRED #</Process><Process Name="Add Field (6)" ToolSource="c:\program files (x86)\arcgis\desktop10.3\ArcToolbox\Toolboxes\Data Management Tools.tbx\AddField" Date="20160518" Time="143402" export="">AddField "D:\Work\Projects\State of Hawaii\Final_051716\StateOfHawaii_Final.gdb\Infrastructure\golf_courses" Agency TEXT # # 20 # NULLABLE NON_REQUIRED AgencyName</Process><Process Name="Add Field (7)" ToolSource="c:\program files (x86)\arcgis\desktop10.3\ArcToolbox\Toolboxes\Data Management Tools.tbx\AddField" Date="20160518" Time="143402" export="">AddField "D:\Work\Projects\State of Hawaii\Final_051716\StateOfHawaii_Final.gdb\Infrastructure\golf_courses" DeliveryDate DATE # # # # NULLABLE NON_REQUIRED #</Process><Process Name="Add Field (8)" ToolSource="c:\program files (x86)\arcgis\desktop10.3\ArcToolbox\Toolboxes\Data Management Tools.tbx\AddField" Date="20160518" Time="143402" export="">AddField "D:\Work\Projects\State of Hawaii\Final_051716\StateOfHawaii_Final.gdb\Infrastructure\golf_courses" SourceID TEXT # # 20 # NULLABLE NON_REQUIRED #</Process><Process Name="Add Field (9)" ToolSource="c:\program files (x86)\arcgis\desktop10.3\ArcToolbox\Toolboxes\Data Management Tools.tbx\AddField" Date="20160518" Time="143402" export="">AddField "D:\Work\Projects\State of Hawaii\Final_051716\StateOfHawaii_Final.gdb\Infrastructure\golf_courses" Severity LONG # # 50 # NULLABLE NON_REQUIRED #</Process><Process Name="Add Field (10)" ToolSource="c:\program files (x86)\arcgis\desktop10.3\ArcToolbox\Toolboxes\Data Management Tools.tbx\AddField" Date="20160518" Time="143403" export="">AddField "D:\Work\Projects\State of Hawaii\Final_051716\StateOfHawaii_Final.gdb\Infrastructure\golf_courses" PublishDate DATE # # 20 # NULLABLE NON_REQUIRED #</Process><Process Name="Add Field (11)" ToolSource="c:\program files (x86)\arcgis\desktop10.3\ArcToolbox\Toolboxes\Data Management Tools.tbx\AddField" Date="20160518" Time="143403" export="">AddField "D:\Work\Projects\State of Hawaii\Final_051716\StateOfHawaii_Final.gdb\Infrastructure\golf_courses" Comments TEXT # # # # NULLABLE NON_REQUIRED #</Process><Process Name="Calculate Field" ToolSource="c:\program files (x86)\arcgis\desktop10.3\ArcToolbox\Toolboxes\Data Management Tools.tbx\CalculateField" Date="20160518" Time="150222" export="">CalculateField "D:\Work\Projects\State of Hawaii\Final_051716\StateOfHawaii_Final.gdb\Infrastructure\golf_courses" PublishDate 05-25-2016 VB #</Process><Process Name="Calculate Field" ToolSource="c:\program files (x86)\arcgis\desktop10.3\ArcToolbox\Toolboxes\Data Management Tools.tbx\CalculateField" Date="20160518" Time="151119" export="">CalculateField "D:\Work\Projects\State of Hawaii\Final_051716\StateOfHawaii_Final.gdb\Infrastructure\golf_courses" PublishDate "05-25-2016" VB #</Process><Process ToolSource="c:\program files (x86)\arcgis\desktop10.6\ArcToolbox\Toolboxes\Conversion Tools.tbx\FeatureClassToFeatureClass" Date="20190401" Time="183842">FeatureClassToFeatureClass Z:\Geodatabase\SOH.gdb\Infrastructure\golf_courses "J:\GIS\00_New Data to clean and load\00_201903xx - Update 26\Metadata\Revised" golf_courses.shp # "golf_cours "golf_cours" true true false 50 Text 0 0 ,First,#,Z:\Geodatabase\SOH.gdb\Infrastructure\golf_courses,golf_course,-1,-1;island "island" true true false 10 Text 0 0 ,First,#,Z:\Geodatabase\SOH.gdb\Infrastructure\golf_courses,island,-1,-1;acres "acres" true true false 8 Double 0 0 ,First,#,Z:\Geodatabase\SOH.gdb\Infrastructure\golf_courses,acres,-1,-1;shape_Leng "shape_Leng" false true true 8 Double 0 0 ,First,#,Z:\Geodatabase\SOH.gdb\Infrastructure\golf_courses,shape_Length,-1,-1;shape_Area "shape_Area" false true true 8 Double 0 0 ,First,#,Z:\Geodatabase\SOH.gdb\Infrastructure\golf_courses,shape_Area,-1,-1" #</Process></lineage><itemProps><itemName Sync="TRUE">golf_courses</itemName><imsContentType Sync="TRUE" export="False">002</imsContentType><nativeExtBox><westBL Sync="TRUE">445027.746300</westBL><eastBL Sync="TRUE">912767.396100</eastBL><southBL Sync="TRUE">2118639.947400</southBL><northBL Sync="TRUE">2458195.359100</northBL><exTypeCode Sync="TRUE">1</exTypeCode></nativeExtBox><itemLocation><linkage Sync="TRUE">file://\\dbedt.net\data$\Divisions\OP\GIS\00_New Data to clean and load\00_201903xx - Update 26\Metadata\Revised\golf_courses.shp</linkage><protocol Sync="TRUE">Local Area Network</protocol></itemLocation><itemSize Sync="TRUE">0.000</itemSize></itemProps><coordRef><type Sync="TRUE">Projected</type><geogcsn Sync="TRUE">GCS_North_American_1983_HARN</geogcsn><csUnits Sync="TRUE">Linear Unit: Meter (1.000000)</csUnits><projcsn Sync="TRUE">NAD_1983_HARN_UTM_Zone_4N</projcsn><peXml Sync="TRUE">&lt;ProjectedCoordinateSystem xsi:type='typens:ProjectedCoordinateSystem' xmlns:xsi='http://www.w3.org/2001/XMLSchema-instance' xmlns:xs='http://www.w3.org/2001/XMLSchema' xmlns:typens='http://www.esri.com/schemas/ArcGIS/10.6'&gt;&lt;WKT&gt;PROJCS[&amp;quot;NAD_1983_HARN_UTM_Zone_4N&amp;quot;,GEOGCS[&amp;quot;GCS_North_American_1983_HARN&amp;quot;,DATUM[&amp;quot;D_North_American_1983_HARN&amp;quot;,SPHEROID[&amp;quot;GRS_1980&amp;quot;,6378137.0,298.257222101]],PRIMEM[&amp;quot;Greenwich&amp;quot;,0.0],UNIT[&amp;quot;Degree&amp;quot;,0.0174532925199433]],PROJECTION[&amp;quot;Transverse_Mercator&amp;quot;],PARAMETER[&amp;quot;False_Easting&amp;quot;,500000.0],PARAMETER[&amp;quot;False_Northing&amp;quot;,0.0],PARAMETER[&amp;quot;Central_Meridian&amp;quot;,-159.0],PARAMETER[&amp;quot;Scale_Factor&amp;quot;,0.9996],PARAMETER[&amp;quot;Latitude_Of_Origin&amp;quot;,0.0],UNIT[&amp;quot;Meter&amp;quot;,1.0],AUTHORITY[&amp;quot;EPSG&amp;quot;,3750]]&lt;/WKT&gt;&lt;XOrigin&gt;-5120900&lt;/XOrigin&gt;&lt;YOrigin&gt;-9998100&lt;/YOrigin&gt;&lt;XYScale&gt;450445547.3910538&lt;/XYScale&gt;&lt;ZOrigin&gt;-100000&lt;/ZOrigin&gt;&lt;ZScale&gt;10000&lt;/ZScale&gt;&lt;MOrigin&gt;-100000&lt;/MOrigin&gt;&lt;MScale&gt;10000&lt;/MScale&gt;&lt;XYTolerance&gt;0.001&lt;/XYTolerance&gt;&lt;ZTolerance&gt;0.001&lt;/ZTolerance&gt;&lt;MTolerance&gt;0.001&lt;/MTolerance&gt;&lt;HighPrecision&gt;true&lt;/HighPrecision&gt;&lt;WKID&gt;102202&lt;/WKID&gt;&lt;LatestWKID&gt;3750&lt;/LatestWKID&gt;&lt;/ProjectedCoordinateSystem&gt;</peXml></coordRef><copyHistory><copy source="C:\mydocuments\gis\energy\golfcourses" dest="\\10.4.1.62\gis\Agencies\OP\00_New Data to clean and load\golf_courses\golfcourses" date="20141013" time="11440000"/></copyHistory></DataProperties><SyncDate>20190401</SyncDate><SyncTime>18384000</SyncTime><ModDate>20190401</ModDate><ModTime>18384000</ModTime><scaleRange><minScale>150000000</minScale><maxScale>5000</maxScale></scaleRange><ArcGISProfile>FGDC</ArcGISProfile></Esri><dataIdInfo><envirDesc Sync="TRUE"> Version 6.2 (Build 9200) ; Esri ArcGIS 10.6.1.9270</envirDesc><dataLang><languageCode value="eng" Sync="TRUE"/><countryCode value="USA" Sync="TRUE"/></dataLang><idCitation xmlns=""><resTitle Sync="TRUE">golf_courses</resTitle><presForm xmlns=""><PresFormCd value="005" Sync="TRUE"/></presForm><date><createDate>2014-10-01T00:00:00</createDate><pubDate>2015-11-01T00:00:00</pubDate></date><citRespParty xmlns=""><rpIndName>Hawaii Statewide GIS Program</rpIndName><rpOrgName>Hawaii State Office of Planning</rpOrgName><role><RoleCd value="007"/></role></citRespParty></idCitation><spatRpType><SpatRepTypCd value="001" Sync="TRUE"/></spatRpType><dataExt xmlns=""><geoEle xmlns=""><GeoBndBox esriExtentType="search"><exTypeCode Sync="TRUE">1</exTypeCode><westBL Sync="TRUE">-159.533422</westBL><eastBL Sync="TRUE">-154.998395</eastBL><northBL Sync="TRUE">22.229189</northBL><southBL Sync="TRUE">19.119116</southBL></GeoBndBox></geoEle></dataExt><idPurp>Locations of golf courses in the State of Hawaii as of October, 2014.  Source: Created by Hawaii Statewide GIS Program, Office of Planning, State of Hawaii, 2014. For more information, please see metadata at http://files.hawaii.gov/dbedt/op/gis/data/golf_courses.pdf or contact Hawaii Statewide GIS Program, Office of Planning, State of Hawaii; PO Box 2359, Honolulu, Hi. 96804; (808) 587-2846; email: gis@hawaii.gov; Website: http://planning.hawaii.gov/gis.</idPurp><idAbs>&lt;DIV STYLE="text-align:Left;"&gt;&lt;DIV&gt;&lt;DIV&gt;&lt;P&gt;&lt;SPAN&gt;Locations of golf courses in the State of Hawaii as of October, 2014. Source: Created by Hawaii Statewide GIS Program, Office of Planning, State of Hawaii, 2014. For more information, please see metadata at http://files.hawaii.gov/dbedt/op/gis/data/golf_courses.pdf or contact Hawaii Statewide GIS Program, Office of Planning, State of Hawaii; PO Box 2359, Honolulu, Hi. 96804; (808) 587-2846; email: gis@hawaii.gov; Website: http://planning.hawaii.gov/gis.&lt;/SPAN&gt;&lt;/P&gt;&lt;/DIV&gt;&lt;/DIV&gt;&lt;/DIV&gt;</idAbs><idCredit>Hawaii Statewide GIS Program, Office of Planning, State of Hawaii</idCredit><searchKeys><keyword>State of Hawaii</keyword><keyword>Golf Courses</keyword><keyword>Kauai</keyword><keyword>Oahu</keyword><keyword>Molokai</keyword><keyword>Lanai</keyword><keyword>Maui</keyword><keyword>Hawaii</keyword><keyword>infrastructure</keyword><keyword>recreation</keyword><keyword>sports</keyword></searchKeys><themeKeys xmlns=""><keyword>State of Hawaii, Golf Courses</keyword></themeKeys><dataChar><CharSetCd value="004"/></dataChar><resMaint xmlns=""><maintFreq><MaintFreqCd value="009"/></maintFreq></resMaint><tpCat><TopicCatCd value="015"/></tpCat></dataIdInfo><mdLang><languageCode value="eng" Sync="TRUE"/><countryCode value="USA" Sync="TRUE"/></mdLang><distInfo xmlns=""><distFormat xmlns=""><formatName Sync="TRUE">Shapefile</formatName></distFormat><distTranOps xmlns=""><transSize Sync="TRUE">0.000</transSize></distTranOps></distInfo><mdHrLv><ScopeCd value="005" Sync="TRUE"/></mdHrLv><mdHrLvName Sync="TRUE">dataset</mdHrLvName><refSysInfo><RefSystem><refSysID><identCode code="3750" Sync="TRUE"/><idCodeSpace Sync="TRUE">EPSG</idCodeSpace><idVersion Sync="TRUE">6.13(10.0.0)</idVersion></refSysID></RefSystem></refSysInfo><spatRepInfo><VectSpatRep><geometObjs Name="golf_courses"><geoObjTyp><GeoObjTypCd value="002" Sync="TRUE"></GeoObjTypCd></geoObjTyp><geoObjCnt Sync="TRUE">0</geoObjCnt></geometObjs><topLvl><TopoLevCd value="001" Sync="TRUE"></TopoLevCd></topLvl></VectSpatRep></spatRepInfo><spdoinfo><ptvctinf><esriterm Name="golf_courses"><efeatyp Sync="TRUE">Simple</efeatyp><efeageom code="4" Sync="TRUE"></efeageom><esritopo Sync="TRUE">FALSE</esritopo><efeacnt Sync="TRUE">0</efeacnt><spindex Sync="TRUE">FALSE</spindex><linrefer Sync="TRUE">FALSE</linrefer></esriterm></ptvctinf></spdoinfo><eainfo><detailed Name="golf_courses" xmlns=""><enttyp><enttypl Sync="TRUE">golf_courses</enttypl><enttypt Sync="TRUE">Feature Class</enttypt><enttypc Sync="TRUE">0</enttypc></enttyp><attr><attrlabl Sync="TRUE">FID</attrlabl><attalias Sync="TRUE">FID</attalias><attrtype Sync="TRUE">OID</attrtype><attwidth Sync="TRUE">4</attwidth><atprecis Sync="TRUE">0</atprecis><attscale Sync="TRUE">0</attscale><attrdef Sync="TRUE">Internal feature number.</attrdef><attrdefs Sync="TRUE">Esri</attrdefs><attrdomv><udom Sync="TRUE">Sequential unique whole numbers that are automatically generated.</udom></attrdomv></attr><attr xmlns=""><attrlabl Sync="TRUE">Shape</attrlabl><attalias Sync="TRUE">Shape</attalias><attrtype Sync="TRUE">Geometry</attrtype><attwidth Sync="TRUE">0</attwidth><atprecis Sync="TRUE">0</atprecis><attscale Sync="TRUE">0</attscale><attrdef Sync="TRUE">Feature geometry.</attrdef><attrdefs Sync="TRUE">Esri</attrdefs><attrdomv><udom Sync="TRUE">Coordinates defining the features.</udom></attrdomv></attr><attr><attrlabl Sync="TRUE">golf_cours</attrlabl><attalias Sync="TRUE">golf_cours</attalias><attrtype Sync="TRUE">String</attrtype><attwidth Sync="TRUE">50</attwidth><atprecis Sync="TRUE">0</atprecis><attscale Sync="TRUE">0</attscale></attr><attr xmlns=""><attrlabl Sync="TRUE">Shape_Area</attrlabl><attalias Sync="TRUE">shape_Area</attalias><attrtype Sync="TRUE">Double</attrtype><attwidth Sync="TRUE">19</attwidth><atprecis Sync="TRUE">0</atprecis><attscale Sync="TRUE">0</attscale><attrdef Sync="TRUE">Area of feature in internal units squared.</attrdef><attrdefs Sync="TRUE">Esri</attrdefs><attrdomv><udom Sync="TRUE">Positive real numbers that are automatically generated.</udom></attrdomv></attr><attr xmlns=""><attrlabl Sync="TRUE">Island</attrlabl><attalias Sync="TRUE">island</attalias><attrtype Sync="TRUE">String</attrtype><attwidth Sync="TRUE">10</attwidth><atprecis Sync="TRUE">0</atprecis><attscale Sync="TRUE">0</attscale><attrdef>Name of Island</attrdef></attr><attr><attrlabl Sync="TRUE">shape_Leng</attrlabl><attalias Sync="TRUE">shape_Leng</attalias><attrtype Sync="TRUE">Double</attrtype><attwidth Sync="TRUE">19</attwidth><atprecis Sync="TRUE">0</atprecis><attscale Sync="TRUE">0</attscale></attr><attr xmlns=""><attrlabl Sync="TRUE">Acres</attrlabl><attalias Sync="TRUE">acres</attalias><attrtype Sync="TRUE">Double</attrtype><attwidth Sync="TRUE">19</attwidth><atprecis Sync="TRUE">0</atprecis><attscale Sync="TRUE">0</attscale><attrdef>Acreage of Golf Course</attrdef></attr></detailed></eainfo><mdDateSt Sync="TRUE">20190401</mdDateSt><mdChar><CharSetCd value="004" Sync="TRUE"/></mdChar><mdMaint xmlns=""><maintFreq><MaintFreqCd value="009"/></maintFreq></mdMaint><spatRepInfo><GridSpatRep xmlns=""><tranParaAv>False</tranParaAv></GridSpatRep><VectSpatRep><geometObjs Name="golf_courses"><geoObjTyp><GeoObjTypCd value="002" Sync="TRUE"></GeoObjTypCd></geoObjTyp><geoObjCnt Sync="TRUE">0</geoObjCnt></geometObjs><topLvl><TopoLevCd value="001" Sync="TRUE"></TopoLevCd></topLvl></VectSpatRep></spatRepInfo></metadata>
