<metadata xml:lang="en"><Esri><CreaDate>20160819</CreaDate><CreaTime>23061100</CreaTime><SyncOnce>FALSE</SyncOnce><SyncDate>20170208</SyncDate><SyncTime>09171400</SyncTime><ModDate>20170208</ModDate><ModTime>09171400</ModTime><DataProperties><lineage><Process ToolSource="C:\Program Files\ArcGIS\ArcToolbox\Toolboxes\Conversion Tools.tbx\FeatureClassToFeatureClass" Date="20100112" Time="104821">FeatureClassToFeatureClass K:\Data\LandUse_Ownership\LSB_Land_Study_Bureau\lsb\polygon K:\Agencies\OP\Dennis\misc\lsb\lsb.mdb lsb_revised # "AREA 'AREA' false true true 8 Double 0 0 ,First,#,K:\Data\LandUse_Ownership\LSB_Land_Study_Bureau\lsb\polygon,AREA,-1,-1;PERIMETER 'PERIMETER' false true true 8 Double 0 0 ,First,#,K:\Data\LandUse_Ownership\LSB_Land_Study_Bureau\lsb\polygon,PERIMETER,-1,-1;LSB_ 'LSB_' false true true 4 Long 0 0 ,First,#,K:\Data\LandUse_Ownership\LSB_Land_Study_Bureau\lsb\polygon,LSB#,-1,-1;LSB_ID 'LSB_ID' true true true 4 Long 0 0 ,First,#,K:\Data\LandUse_Ownership\LSB_Land_Study_Bureau\lsb\polygon,LSB-ID,-1,-1;TYPE 'TYPE' true true false 1 Text 0 0 ,First,#,K:\Data\LandUse_Ownership\LSB_Land_Study_Bureau\lsb\polygon,TYPE,-1,-1" # K:\Agencies\OP\Dennis\misc\lsb\lsb.mdb\lsb_revised</Process><Process ToolSource="C:\Program Files\ArcGIS\Desktop10.0\ArcToolbox\Toolboxes\Conversion Tools.tbx\FeatureClassToFeatureClass" Date="20110923" Time="160346">FeatureClassToFeatureClass K:\Data\LandUse_Ownership\LSB_Land_Study_Bureau\lsb.shp K:\Agencies\OP\Craig\lsb\lsb_revisions.mdb lsb_revision # "OBJECTID "OBJECTID" true true false 9 Long 0 9 ,First,#,K:\Data\LandUse_Ownership\LSB_Land_Study_Bureau\lsb.shp,OBJECTID,-1,-1;TYPE "TYPE" true true false 1 Text 0 0 ,First,#,K:\Data\LandUse_Ownership\LSB_Land_Study_Bureau\lsb.shp,TYPE,-1,-1;Shape_Leng "Shape_Leng" true true false 19 Double 0 0 ,First,#,K:\Data\LandUse_Ownership\LSB_Land_Study_Bureau\lsb.shp,Shape_Leng,-1,-1;Shape_Area "Shape_Area" true true false 19 Double 0 0 ,First,#,K:\Data\LandUse_Ownership\LSB_Land_Study_Bureau\lsb.shp,Shape_Area,-1,-1;Island "Island" true true false 10 Text 0 0 ,First,#,K:\Data\LandUse_Ownership\LSB_Land_Study_Bureau\lsb.shp,Island,-1,-1;GISAcres "GISAcres" true true false 19 Double 0 0 ,First,#,K:\Data\LandUse_Ownership\LSB_Land_Study_Bureau\lsb.shp,GISAcres,-1,-1" #</Process><Process ToolSource="C:\Program Files\ArcGIS\Desktop10.0\ArcToolbox\Toolboxes\Data Management Tools.tbx\CalculateField" Date="20110929" Time="162834">CalculateField lsb_revision Island "Kauai" VB #</Process><Process ToolSource="c:\program files (x86)\arcgis\desktop10.3\ArcToolbox\Toolboxes\Data Management Tools.tbx\CopyFeatures" Date="20160317" Time="095858">CopyFeatures D:\Projects\Hawaii\Final\Source\Final_All\lsb.shp D:\Projects\Hawaii\Final\Source\test.gdb\lsb # 0 0 0</Process><Process ToolSource="c:\program files (x86)\arcgis\desktop10.3\ArcToolbox\Toolboxes\Data Management Tools.tbx\DeleteFeatures" Date="20160317" Time="100514">DeleteFeatures D:\Projects\Hawaii\Final\Source\test.gdb\lsb</Process><Process Name="Add Field" ToolSource="c:\program files (x86)\arcgis\desktop10.3\ArcToolbox\Toolboxes\Data Management Tools.tbx\AddField" Date="20160317" Time="100651">AddField D:\Projects\Hawaii\Final\Source\test.gdb\lsb FeatureUID GUID # # # # NON_NULLABLE NON_REQUIRED #</Process><Process Name="Add Field (2)" ToolSource="c:\program files (x86)\arcgis\desktop10.3\ArcToolbox\Toolboxes\Data Management Tools.tbx\AddField" Date="20160317" Time="100651">AddField D:\Projects\Hawaii\Final\Source\test.gdb\lsb CreateDate DATE # # # # NULLABLE NON_REQUIRED #</Process><Process Name="Add Field (3)" ToolSource="c:\program files (x86)\arcgis\desktop10.3\ArcToolbox\Toolboxes\Data Management Tools.tbx\AddField" Date="20160317" Time="100652">AddField D:\Projects\Hawaii\Final\Source\test.gdb\lsb CreatedBy TEXT # # 50 # NON_NULLABLE REQUIRED #</Process><Process Name="Add Field (4)" ToolSource="c:\program files (x86)\arcgis\desktop10.3\ArcToolbox\Toolboxes\Data Management Tools.tbx\AddField" Date="20160317" Time="100652">AddField D:\Projects\Hawaii\Final\Source\test.gdb\lsb ModifiedDate DATE # # # # NULLABLE NON_REQUIRED #</Process><Process Name="Add Field (5)" ToolSource="c:\program files (x86)\arcgis\desktop10.3\ArcToolbox\Toolboxes\Data Management Tools.tbx\AddField" Date="20160317" Time="100652">AddField D:\Projects\Hawaii\Final\Source\test.gdb\lsb ModifiedBy TEXT # # 50 # NULLABLE NON_REQUIRED #</Process><Process Name="Add Field (6)" ToolSource="c:\program files (x86)\arcgis\desktop10.3\ArcToolbox\Toolboxes\Data Management Tools.tbx\AddField" Date="20160317" Time="100652">AddField D:\Projects\Hawaii\Final\Source\test.gdb\lsb Agency TEXT # # 20 # NON_NULLABLE REQUIRED AgencyName</Process><Process Name="Add Field (7)" ToolSource="c:\program files (x86)\arcgis\desktop10.3\ArcToolbox\Toolboxes\Data Management Tools.tbx\AddField" Date="20160317" Time="100652">AddField D:\Projects\Hawaii\Final\Source\test.gdb\lsb DeliveryDate DATE # # # # NULLABLE NON_REQUIRED #</Process><Process Name="Add Field (8)" ToolSource="c:\program files (x86)\arcgis\desktop10.3\ArcToolbox\Toolboxes\Data Management Tools.tbx\AddField" Date="20160317" Time="100653">AddField D:\Projects\Hawaii\Final\Source\test.gdb\lsb SourceID TEXT # # 20 # NULLABLE NON_REQUIRED #</Process><Process Name="Add Field (9)" ToolSource="c:\program files (x86)\arcgis\desktop10.3\ArcToolbox\Toolboxes\Data Management Tools.tbx\AddField" Date="20160317" Time="100653">AddField D:\Projects\Hawaii\Final\Source\test.gdb\lsb Severity LONG # # 50 # NULLABLE NON_REQUIRED #</Process><Process Name="Add Field (10)" ToolSource="c:\program files (x86)\arcgis\desktop10.3\ArcToolbox\Toolboxes\Data Management Tools.tbx\AddField" Date="20160317" Time="100653">AddField D:\Projects\Hawaii\Final\Source\test.gdb\lsb PublishDate DATE # # 20 # NON_NULLABLE REQUIRED #</Process><Process Name="Add Field (11)" ToolSource="c:\program files (x86)\arcgis\desktop10.3\ArcToolbox\Toolboxes\Data Management Tools.tbx\AddField" Date="20160317" Time="100653">AddField D:\Projects\Hawaii\Final\Source\test.gdb\lsb Comments TEXT # # # # NULLABLE NON_REQUIRED #</Process><Process ToolSource="c:\program files (x86)\arcgis\desktop10.3\ArcToolbox\Toolboxes\Data Management Tools.tbx\Project" Date="20160317" Time="104234">Project D:\Projects\Hawaii\Final\Source\test.gdb\lsb D:\Projects\Hawaii\Final\Source\test.gdb\lsb_1 PROJCS['NAD_1983_HARN_UTM_Zone_4N',GEOGCS['GCS_North_American_1983_HARN',DATUM['D_North_American_1983_HARN',SPHEROID['GRS_1980',6378137.0,298.257222101]],PRIMEM['Greenwich',0.0],UNIT['Degree',0.0174532925199433]],PROJECTION['Transverse_Mercator'],PARAMETER['False_Easting',500000.0],PARAMETER['False_Northing',0.0],PARAMETER['Central_Meridian',-159.0],PARAMETER['Scale_Factor',0.9996],PARAMETER['Latitude_Of_Origin',0.0],UNIT['Meter',1.0]] 'WGS_1984_(ITRF00)_To_NAD_1983 + WGS_1984_(ITRF00)_To_NAD_1983_HARN' PROJCS['NAD_1983_UTM_Zone_4N',GEOGCS['GCS_North_American_1983',DATUM['D_North_American_1983',SPHEROID['GRS_1980',6378137.0,298.257222101]],PRIMEM['Greenwich',0.0],UNIT['Degree',0.0174532925199433]],PROJECTION['Transverse_Mercator'],PARAMETER['False_Easting',500000.0],PARAMETER['False_Northing',0.0],PARAMETER['Central_Meridian',-159.0],PARAMETER['Scale_Factor',0.9996],PARAMETER['Latitude_Of_Origin',0.0],UNIT['Meter',1.0]] NO_PRESERVE_SHAPE #</Process><Process ToolSource="c:\program files (x86)\arcgis\desktop10.3\ArcToolbox\Toolboxes\Data Management Tools.tbx\DeleteFeatures" Date="20160321" Time="102656">DeleteFeatures D:\Projects\Hawaii\Final\StateOfHawaii_Final.gdb\LanduseOwnership\lsb</Process><Process Name="Add Field" ToolSource="c:\program files (x86)\arcgis\desktop10.3\ArcToolbox\Toolboxes\Data Management Tools.tbx\AddField" Date="20160518" Time="144212">AddField "D:\Work\Projects\State of Hawaii\Final_051716\StateOfHawaii_Final.gdb\LanduseLandCover\lsb" FeatureUID GUID # # # # NULLABLE NON_REQUIRED #</Process><Process Name="Add Field (2)" ToolSource="c:\program files (x86)\arcgis\desktop10.3\ArcToolbox\Toolboxes\Data Management Tools.tbx\AddField" Date="20160518" Time="144212">AddField "D:\Work\Projects\State of Hawaii\Final_051716\StateOfHawaii_Final.gdb\LanduseLandCover\lsb" CreateDate DATE # # # # NULLABLE NON_REQUIRED #</Process><Process Name="Add Field (3)" ToolSource="c:\program files (x86)\arcgis\desktop10.3\ArcToolbox\Toolboxes\Data Management Tools.tbx\AddField" Date="20160518" Time="144213">AddField "D:\Work\Projects\State of Hawaii\Final_051716\StateOfHawaii_Final.gdb\LanduseLandCover\lsb" CreatedBy TEXT # # 50 # NULLABLE NON_REQUIRED #</Process><Process Name="Add Field (4)" ToolSource="c:\program files (x86)\arcgis\desktop10.3\ArcToolbox\Toolboxes\Data Management Tools.tbx\AddField" Date="20160518" Time="144213">AddField "D:\Work\Projects\State of Hawaii\Final_051716\StateOfHawaii_Final.gdb\LanduseLandCover\lsb" ModifiedDate DATE # # # # NULLABLE NON_REQUIRED #</Process><Process Name="Add Field (5)" ToolSource="c:\program files (x86)\arcgis\desktop10.3\ArcToolbox\Toolboxes\Data Management Tools.tbx\AddField" Date="20160518" Time="144213">AddField "D:\Work\Projects\State of Hawaii\Final_051716\StateOfHawaii_Final.gdb\LanduseLandCover\lsb" ModifiedBy TEXT # # 50 # NULLABLE NON_REQUIRED #</Process><Process Name="Add Field (6)" ToolSource="c:\program files (x86)\arcgis\desktop10.3\ArcToolbox\Toolboxes\Data Management Tools.tbx\AddField" Date="20160518" Time="144214">AddField "D:\Work\Projects\State of Hawaii\Final_051716\StateOfHawaii_Final.gdb\LanduseLandCover\lsb" Agency TEXT # # 20 # NULLABLE NON_REQUIRED AgencyName</Process><Process Name="Add Field (7)" ToolSource="c:\program files (x86)\arcgis\desktop10.3\ArcToolbox\Toolboxes\Data Management Tools.tbx\AddField" Date="20160518" Time="144214">AddField "D:\Work\Projects\State of Hawaii\Final_051716\StateOfHawaii_Final.gdb\LanduseLandCover\lsb" DeliveryDate DATE # # # # NULLABLE NON_REQUIRED #</Process><Process Name="Add Field (8)" ToolSource="c:\program files (x86)\arcgis\desktop10.3\ArcToolbox\Toolboxes\Data Management Tools.tbx\AddField" Date="20160518" Time="144214">AddField "D:\Work\Projects\State of Hawaii\Final_051716\StateOfHawaii_Final.gdb\LanduseLandCover\lsb" SourceID TEXT # # 20 # NULLABLE NON_REQUIRED #</Process><Process Name="Add Field (9)" ToolSource="c:\program files (x86)\arcgis\desktop10.3\ArcToolbox\Toolboxes\Data Management Tools.tbx\AddField" Date="20160518" Time="144215">AddField "D:\Work\Projects\State of Hawaii\Final_051716\StateOfHawaii_Final.gdb\LanduseLandCover\lsb" Severity LONG # # 50 # NULLABLE NON_REQUIRED #</Process><Process Name="Add Field (10)" ToolSource="c:\program files (x86)\arcgis\desktop10.3\ArcToolbox\Toolboxes\Data Management Tools.tbx\AddField" Date="20160518" Time="144215">AddField "D:\Work\Projects\State of Hawaii\Final_051716\StateOfHawaii_Final.gdb\LanduseLandCover\lsb" PublishDate DATE # # 20 # NULLABLE NON_REQUIRED #</Process><Process Name="Add Field (11)" ToolSource="c:\program files (x86)\arcgis\desktop10.3\ArcToolbox\Toolboxes\Data Management Tools.tbx\AddField" Date="20160518" Time="144215">AddField "D:\Work\Projects\State of Hawaii\Final_051716\StateOfHawaii_Final.gdb\LanduseLandCover\lsb" Comments TEXT # # # # NULLABLE NON_REQUIRED #</Process><Process Name="Calculate Field" ToolSource="c:\program files (x86)\arcgis\desktop10.3\ArcToolbox\Toolboxes\Data Management Tools.tbx\CalculateField" Date="20160518" Time="150419">CalculateField "D:\Work\Projects\State of Hawaii\Final_051716\StateOfHawaii_Final.gdb\LanduseLandCover\lsb" PublishDate 05-25-2016 VB #</Process><Process Name="Calculate Field" ToolSource="c:\program files (x86)\arcgis\desktop10.3\ArcToolbox\Toolboxes\Data Management Tools.tbx\CalculateField" Date="20160518" Time="151311">CalculateField "D:\Work\Projects\State of Hawaii\Final_051716\StateOfHawaii_Final.gdb\LanduseLandCover\lsb" PublishDate "05-25-2016" VB #</Process></lineage><itemProps><itemName Sync="TRUE">lsb</itemName><imsContentType Sync="TRUE">002</imsContentType><itemLocation><linkage Sync="TRUE">file://\\D248PC094\Users\JoanD\Desktop\temp\lsb\lsb.shp</linkage><protocol Sync="TRUE">Local Area Network</protocol></itemLocation><itemSize Sync="TRUE">0.000</itemSize></itemProps><coordRef><type Sync="TRUE">Projected</type><geogcsn Sync="TRUE">GCS_North_American_1983_HARN</geogcsn><projcsn Sync="TRUE">NAD_1983_HARN_UTM_Zone_4N</projcsn><peXml Sync="TRUE">&lt;ProjectedCoordinateSystem xsi:type='typens:ProjectedCoordinateSystem' xmlns:xsi='http://www.w3.org/2001/XMLSchema-instance' xmlns:xs='http://www.w3.org/2001/XMLSchema' xmlns:typens='http://www.esri.com/schemas/ArcGIS/10.4'&gt;&lt;WKT&gt;PROJCS[&amp;quot;NAD_1983_HARN_UTM_Zone_4N&amp;quot;,GEOGCS[&amp;quot;GCS_North_American_1983_HARN&amp;quot;,DATUM[&amp;quot;D_North_American_1983_HARN&amp;quot;,SPHEROID[&amp;quot;GRS_1980&amp;quot;,6378137.0,298.257222101]],PRIMEM[&amp;quot;Greenwich&amp;quot;,0.0],UNIT[&amp;quot;Degree&amp;quot;,0.0174532925199433]],PROJECTION[&amp;quot;Transverse_Mercator&amp;quot;],PARAMETER[&amp;quot;False_Easting&amp;quot;,500000.0],PARAMETER[&amp;quot;False_Northing&amp;quot;,0.0],PARAMETER[&amp;quot;Central_Meridian&amp;quot;,-159.0],PARAMETER[&amp;quot;Scale_Factor&amp;quot;,0.9996],PARAMETER[&amp;quot;Latitude_Of_Origin&amp;quot;,0.0],UNIT[&amp;quot;Meter&amp;quot;,1.0],AUTHORITY[&amp;quot;EPSG&amp;quot;,3750]]&lt;/WKT&gt;&lt;XOrigin&gt;-5120900&lt;/XOrigin&gt;&lt;YOrigin&gt;-9998100&lt;/YOrigin&gt;&lt;XYScale&gt;450445547.3910538&lt;/XYScale&gt;&lt;ZOrigin&gt;-100000&lt;/ZOrigin&gt;&lt;ZScale&gt;10000&lt;/ZScale&gt;&lt;MOrigin&gt;-100000&lt;/MOrigin&gt;&lt;MScale&gt;10000&lt;/MScale&gt;&lt;XYTolerance&gt;0.001&lt;/XYTolerance&gt;&lt;ZTolerance&gt;0.001&lt;/ZTolerance&gt;&lt;MTolerance&gt;0.001&lt;/MTolerance&gt;&lt;HighPrecision&gt;true&lt;/HighPrecision&gt;&lt;WKID&gt;102202&lt;/WKID&gt;&lt;LatestWKID&gt;3750&lt;/LatestWKID&gt;&lt;/ProjectedCoordinateSystem&gt;</peXml><csUnits Sync="TRUE">Linear Unit: Meter (1.000000)</csUnits></coordRef><copyHistory><copy source="K:\Agencies\OP\Craig\lsb\lsb_rev" dest="\\10.4.1.62\gis\Agencies\OP\Dennis\misc\lsb\revision_dec2012\lsb_rev" date="20121214" time="15013300"></copy></copyHistory></DataProperties><ArcGISstyle>FGDC CSDGM Metadata</ArcGISstyle><ArcGISFormat>1.0</ArcGISFormat></Esri><idinfo><native Sync="TRUE">Microsoft Windows XP Version 5.1 (Build 2600) Service Pack 3; ESRI ArcCatalog 9.3.1.1850</native><descript><langdata Sync="TRUE">en</langdata><abstract>REQUIRED: A brief narrative summary of the data set.</abstract><purpose>REQUIRED: A summary of the intentions with which the data set was developed.</purpose></descript><citation><citeinfo><origin>REQUIRED: The name of an organization or individual that developed the data set.</origin><pubdate>REQUIRED: The date when the data set is published or otherwise made available for release.</pubdate><title Sync="TRUE">lsb_revised(july2010)</title><ftname Sync="TRUE">lsb_revised(july2010)</ftname><geoform Sync="TRUE">vector digital data</geoform><onlink Sync="TRUE">\\10.4.1.62\gis\Data\LandUse_Ownership\LSB_Land_Study_Bureau\lsb_revised(july2010)</onlink></citeinfo></citation><timeperd><current>REQUIRED: The basis on which the time period of content information is determined.</current><timeinfo><sngdate><caldate>REQUIRED: The year (and optionally month, or month and day) for which the data set corresponds to the ground.</caldate></sngdate></timeinfo></timeperd><status><progress>REQUIRED: The state of the data set.</progress><update>REQUIRED: The frequency with which changes and additions are made to the data set after the initial data set is completed.</update></status><spdom><bounding><westbc Sync="TRUE">-159.789264</westbc><eastbc Sync="TRUE">-154.732117</eastbc><northbc Sync="TRUE">22.232957</northbc><southbc Sync="TRUE">18.893348</southbc></bounding><lboundng><leftbc Sync="TRUE">418662.319400</leftbc><rightbc Sync="TRUE">940278.893900</rightbc><bottombc Sync="TRUE">2094230.666100</bottombc><topbc Sync="TRUE">2458612.452300</topbc></lboundng></spdom><keywords><theme><themekt>REQUIRED: Reference to a formally registered thesaurus or a similar authoritative source of theme keywords.</themekt><themekey>REQUIRED: Common-use word or phrase used to describe the subject of the data set.</themekey></theme></keywords><accconst>REQUIRED: Restrictions and legal prerequisites for accessing the data set.</accconst><useconst>REQUIRED: Restrictions and legal prerequisites for using the data set after access is granted.</useconst><natvform Sync="TRUE">Shapefile</natvform></idinfo><dataIdInfo><envirDesc Sync="TRUE">Microsoft Windows 7 Version 6.1 (Build 7601) Service Pack 1; Esri ArcGIS 10.4.1.5686</envirDesc><dataLang><languageCode Sync="TRUE" value="eng" country="US"></languageCode><countryCode value="USA" Sync="TRUE"></countryCode></dataLang><idCitation><resTitle Sync="TRUE">lsb</resTitle><presForm><PresFormCd Sync="TRUE" value="005"></PresFormCd></presForm></idCitation><spatRpType><SpatRepTypCd Sync="TRUE" value="001"></SpatRepTypCd></spatRpType><dataExt><geoEle><GeoBndBox esriExtentType="native"><westBL Sync="TRUE">418662.3194</westBL><eastBL Sync="TRUE">940278.8939</eastBL><northBL Sync="TRUE">2458612.4523</northBL><southBL Sync="TRUE">2094230.6661</southBL><exTypeCode Sync="TRUE">1</exTypeCode></GeoBndBox></geoEle></dataExt><geoBox esriExtentType="decdegrees"><westBL Sync="TRUE">-159.789264</westBL><eastBL Sync="TRUE">-154.732117</eastBL><northBL Sync="TRUE">22.232957</northBL><southBL Sync="TRUE">18.893348</southBL><exTypeCode Sync="TRUE">1</exTypeCode></geoBox><descKeys><thesaName uuidref="723f6998-058e-11dc-8314-0800200c9a66"></thesaName><keyword Sync="TRUE">002</keyword></descKeys></dataIdInfo><metainfo><langmeta Sync="TRUE">en</langmeta><metstdn Sync="TRUE">FGDC Content Standards for Digital Geospatial Metadata</metstdn><metstdv Sync="TRUE">FGDC-STD-001-1998</metstdv><mettc Sync="TRUE">local time</mettc><metc><cntinfo><cntorgp><cntper>REQUIRED: The person responsible for the metadata information.</cntper><cntorg>REQUIRED: The organization responsible for the metadata information.</cntorg></cntorgp><cntaddr><addrtype>REQUIRED: The mailing and/or physical address for the organization or individual.</addrtype><city>REQUIRED: The city of the address.</city><state>REQUIRED: The state or province of the address.</state><postal>REQUIRED: The ZIP or other postal code of the address.</postal></cntaddr><cntvoice>REQUIRED: The telephone number by which individuals can speak to the organization or individual.</cntvoice></cntinfo></metc><metd Sync="TRUE">20100801</metd></metainfo><mdLang><languageCode Sync="TRUE" value="eng"></languageCode><countryCode value="USA" Sync="TRUE"></countryCode></mdLang><mdStanName Sync="TRUE">ISO 19115 Geographic Information - Metadata</mdStanName><mdStanVer Sync="TRUE">DIS_ESRI1.0</mdStanVer><mdChar><CharSetCd Sync="TRUE" value="004"></CharSetCd></mdChar><mdHrLv><ScopeCd Sync="TRUE" value="005"></ScopeCd></mdHrLv><mdHrLvName Sync="TRUE">dataset</mdHrLvName><distinfo><resdesc Sync="TRUE">Downloadable Data</resdesc><stdorder><digform><digtinfo><transize Sync="TRUE">22.515</transize><dssize Sync="TRUE">22.515</dssize></digtinfo></digform></stdorder></distinfo><distInfo><distributor><distorTran><onLineSrc><orDesc Sync="TRUE">002</orDesc><linkage Sync="TRUE">file://\\10.4.1.62\gis\Data\LandUse_Ownership\LSB_Land_Study_Bureau\lsb_revised(july2010)</linkage><protocol Sync="TRUE">Local Area Network</protocol></onLineSrc><transSize Sync="TRUE">22.515</transSize></distorTran><distorFormat><formatName Sync="TRUE">Shapefile</formatName></distorFormat></distributor><distFormat><formatName Sync="TRUE">Shapefile</formatName></distFormat><distTranOps><transSize Sync="TRUE">0.000</transSize></distTranOps></distInfo><spdoinfo><direct Sync="TRUE">Vector</direct><ptvctinf><esriterm Name="lsb"><efeatyp Sync="TRUE">Simple</efeatyp><efeageom code="4" Sync="TRUE"></efeageom><esritopo Sync="TRUE">FALSE</esritopo><efeacnt Sync="TRUE">0</efeacnt><spindex Sync="TRUE">FALSE</spindex><linrefer Sync="TRUE">FALSE</linrefer></esriterm></ptvctinf></spdoinfo><spref><horizsys><cordsysn><geogcsn Sync="TRUE">GCS_North_American_1983</geogcsn><projcsn Sync="TRUE">NAD_1983_UTM_Zone_4N</projcsn></cordsysn><planar><planci><plance Sync="TRUE">coordinate pair</plance><plandu Sync="TRUE">meters</plandu><coordrep><absres Sync="TRUE">0.000000</absres><ordres Sync="TRUE">0.000000</ordres></coordrep></planci></planar><geodetic><horizdn Sync="TRUE">North American Datum of 1983</horizdn><ellips Sync="TRUE">Geodetic Reference System 80</ellips><semiaxis Sync="TRUE">6378137.000000</semiaxis><denflat Sync="TRUE">298.257222</denflat></geodetic></horizsys></spref><refSysInfo><RefSystem><refSysID><identCode Sync="TRUE" code="3750">NAD_1983_UTM_Zone_4N</identCode><idCodeSpace Sync="TRUE">EPSG</idCodeSpace><idVersion Sync="TRUE">6.13(10.0.0)</idVersion></refSysID></RefSystem></refSysInfo><spatRepInfo><VectSpatRep><geometObjs Name="lsb"><geoObjTyp><GeoObjTypCd value="002" Sync="TRUE"></GeoObjTypCd></geoObjTyp><geoObjCnt Sync="TRUE">0</geoObjCnt></geometObjs><topLvl><TopoLevCd value="001" Sync="TRUE"></TopoLevCd></topLvl></VectSpatRep></spatRepInfo><eainfo><detailed Name="lsb"><enttyp><enttypl Sync="TRUE">lsb</enttypl><enttypt Sync="TRUE">Feature Class</enttypt><enttypc Sync="TRUE">0</enttypc></enttyp><attr><attrlabl Sync="TRUE">FID</attrlabl><attalias Sync="TRUE">FID</attalias><attrtype Sync="TRUE">OID</attrtype><attwidth Sync="TRUE">4</attwidth><atprecis Sync="TRUE">0</atprecis><attscale Sync="TRUE">0</attscale><attrdef Sync="TRUE">Internal feature number.</attrdef><attrdefs Sync="TRUE">Esri</attrdefs><attrdomv><udom Sync="TRUE">Sequential unique whole numbers that are automatically generated.</udom></attrdomv></attr><attr><attrlabl Sync="TRUE">Shape</attrlabl><attalias Sync="TRUE">Shape</attalias><attrtype Sync="TRUE">Geometry</attrtype><attwidth Sync="TRUE">0</attwidth><atprecis Sync="TRUE">0</atprecis><attscale Sync="TRUE">0</attscale><attrdef Sync="TRUE">Feature geometry.</attrdef><attrdefs Sync="TRUE">ESRI</attrdefs><attrdomv><udom Sync="TRUE">Coordinates defining the features.</udom></attrdomv></attr><attr><attrlabl Sync="TRUE">TYPE</attrlabl><attalias Sync="TRUE">type</attalias><attrtype Sync="TRUE">String</attrtype><attwidth Sync="TRUE">1</attwidth><atprecis Sync="TRUE">0</atprecis><attscale Sync="TRUE">0</attscale></attr><attr><attrlabl Sync="TRUE">GISAcres</attrlabl><attalias Sync="TRUE">gisacres</attalias><attrtype Sync="TRUE">Double</attrtype><attwidth Sync="TRUE">19</attwidth><atprecis Sync="TRUE">0</atprecis><attscale Sync="TRUE">0</attscale></attr><attr><attrlabl Sync="TRUE">Island</attrlabl><attalias Sync="TRUE">island</attalias><attrtype Sync="TRUE">String</attrtype><attwidth Sync="TRUE">10</attwidth><atprecis Sync="TRUE">0</atprecis><attscale Sync="TRUE">0</attscale></attr></detailed></eainfo><mdDateSt Sync="TRUE">20170208</mdDateSt><dataqual><lineage><procstep><procdesc Sync="TRUE">Dataset copied.</procdesc><srcused Sync="TRUE">\\10.4.1.62\gis\Agencies\OP\Dennis\misc\lsb\lsb.mdb</srcused><procdate Sync="TRUE">20100725</procdate><proctime Sync="TRUE">15171200</proctime></procstep><procstep><procdesc Sync="TRUE">Dataset copied.</procdesc><srcused Sync="TRUE">K:\Agencies\OP\Dennis\misc\lsb\lsb_revised(july2010)</srcused><procdate Sync="TRUE">20100801</procdate><proctime Sync="TRUE">11165000</proctime></procstep></lineage></dataqual></metadata>
