<?xml version="1.0" encoding="UTF-8"?>
<metadata><idinfo><citation><citeinfo><origin>Dept of Planning and Permitting, Honolulu Land Information System (HoLIS)</origin><pubdate>04/09/2008</pubdate><title Sync="TRUE">cty_zoning_oah_proj</title><geoform Sync="TRUE">vector digital data</geoform><pubinfo><pubplace>Honolulu, Hawaii</pubplace><publish>City and County of Honolulu, Department of Planning and Permitting, Honolulu Land Information System (HoLIS)</publish></pubinfo><onlink Sync="TRUE">Server=webdatagis; Service=5151; Database=sde; User=cch; Version=sde.DEFAULT</onlink><lworkcit><citeinfo><geoform>document</geoform><onlink>http://honoluludpp.org/gis</onlink><onlink>http://honoluludpp.org</onlink><onlink>http://gis.hicentral.com</onlink></citeinfo></lworkcit><ftname Sync="TRUE">SDE.CCH.ZONING_LUO</ftname></citeinfo></citation><descript><supplinf>see http://www.honoluludpp.org/gis</supplinf><langdata Sync="TRUE">en</langdata><abstract>The zoning code for the City and County of Honolulu as of September 2020. The current Zoning Designation, i.e. Waikiki Special District, or Kakaako Special Development District. Downloaded by the Hawaii Statewide GIS Program from the City and County of Honolulu, 9/28/20. The Office of Planning (OP) downloads periodic updates of this layer from the C&amp;C of Honolulu, and projects the data from the State Plane to the UTM projection as a convenience to the State GIS users. OP also posts the data to the Internet for download as a convenience to the public. To obtain the latest copy of the Oahu Zoning layer, users should visit the HOLIS open geospatial data site - https://honolulu-cchnl.opendata.arcgis.com/. For additional information, please refer to complete metadata at https://files.hawaii.gov/dbedt/op/gis/data/cty_zoning_oah.pdf or contact the Hawaii Statewide GIS Program at gis@hawaii.gov.</abstract><purpose>Regulate land use in a manner that will encourage orderly develpment in accordancce with adopted land use policies, including Oahu general plan and develpment plans, and to promote and protect the public health, safetey and welfare of community. To reproduce the 'official' zoning map and display online zoning information</purpose></descript><timeperd><timeinfo><sngdate><caldate>unknown</caldate></sngdate></timeinfo><current>ground condition</current></timeperd><status><progress>Complete</progress><update>As needed</update></status><spdom><bounding><westbc Sync="TRUE">-158.280748</westbc><eastbc Sync="TRUE">-157.647273</eastbc><northbc Sync="TRUE">21.712132</northbc><southbc Sync="TRUE">21.254678</southbc></bounding><lboundng><leftbc Sync="TRUE">1545113.022665</leftbc><rightbc Sync="TRUE">1760154.775325</rightbc><bottombc Sync="TRUE">32103.151151</bottombc><topbc Sync="TRUE">198145.531255</topbc></lboundng></spdom><keywords><theme><themekt>CCH Keywords</themekt><themekey>land use ordinance</themekey><themekey>land use</themekey><themekey>zoning </themekey><themekey>regulatory</themekey><themekey>planning</themekey><themekey>development restrictions</themekey></theme><theme><themekt>ISO 19115 Topic Category</themekt><themekey>planningCadastre</themekey></theme><place><placekey>oahu</placekey><placekey>honolulu</placekey><placekey>hawaii</placekey></place></keywords><accconst>none</accconst><useconst>none</useconst><ptcontac><cntinfo><cntorgp><cntorg>Department of  Planning and Permitting</cntorg></cntorgp><cntaddr><addrtype>mailing and physical address</addrtype><address>Department of Planning and Permitting, Honolulu Land Information System (HoLIS)</address><address>650 SouthKing Street, 8th floor</address><address>Frank F. Fasi Municipal Building</address><address>City and County of Honolulu</address><city>Honolulu</city><state>Hawaii</state><postal>96813</postal><country>USA</country></cntaddr><cntvoice>808 768-8058</cntvoice><cntemail>info@honoluludpp.org</cntemail><hours>7:45-4:30</hours><cntinst>if calling about the gis data, state the question, receptionist will  answer or direct you appropriate staff.</cntinst></cntinfo></ptcontac><datacred>Honolulu Land Information System (Holis), Department of and Permitting, City and County of Honolulu.</datacred><native Sync="TRUE">Microsoft Windows 2000 Version 5.2 (Build 3790) Service Pack 2; ESRI ArcCatalog 9.3.1.3000</native><crossref><citeinfo><title>Type title here...</title></citeinfo></crossref><natvform Sync="TRUE">SDE Feature Class</natvform></idinfo><dataqual><lineage><procstep><procdesc>Metadata imported.</procdesc></procstep><procstep><procdesc>Metadata imported.</procdesc><proccont><cntinfo><cntorgp><cntorg>HoLIS</cntorg></cntorgp></cntinfo></proccont></procstep><procstep><procdesc>Metadata imported.</procdesc><srcused>C:\DOCUME~1\jhodge\LOCALS~1\Temp\xml1F33.tmp</srcused></procstep><procstep><procdesc Sync="TRUE">Metadata imported.</procdesc><srcused Sync="TRUE">C:\DOCUME~1\dauger\LOCALS~1\Temp\xml2E.tmp</srcused><procdate Sync="TRUE">20091119</procdate><proctime Sync="TRUE">10244900</proctime></procstep></lineage></dataqual><spdoinfo><direct Sync="TRUE">Vector</direct><ptvctinf><esriterm Name="cty_zoning_oah"><efeatyp Sync="TRUE">Simple</efeatyp><efeageom code="4" Sync="TRUE"></efeageom><esritopo Sync="TRUE">FALSE</esritopo><efeacnt Sync="TRUE">0</efeacnt><spindex Sync="TRUE">TRUE</spindex><linrefer Sync="TRUE">FALSE</linrefer></esriterm></ptvctinf></spdoinfo><spref><horizsys><planar><planci><plance Sync="TRUE">coordinate pair</plance><coordrep><absres Sync="TRUE">0.000191</absres><ordres Sync="TRUE">0.000191</ordres></coordrep><plandu Sync="TRUE">survey feet</plandu></planci></planar><geodetic><horizdn Sync="TRUE">D_North_American_1983_HARN</horizdn><ellips Sync="TRUE">Geodetic Reference System 80</ellips><semiaxis Sync="TRUE">6378137.000000</semiaxis><denflat Sync="TRUE">298.257222</denflat></geodetic><cordsysn><geogcsn Sync="TRUE">GCS_North_American_1983_HARN</geogcsn><projcsn Sync="TRUE">NAD_1983_HARN_StatePlane_Hawaii_3_FIPS_5103_Feet</projcsn></cordsysn></horizsys><vertdef><altsys><altres Sync="TRUE">1.000000</altres><altenc Sync="TRUE">Explicit elevation coordinate included with horizontal coordinates</altenc></altsys></vertdef></spref><eainfo><detailed Name="cty_zoning_oah"><enttyp><enttypl Sync="TRUE">cty_zoning_oah</enttypl><enttypt Sync="TRUE">Feature Class</enttypt><enttypc Sync="TRUE">0</enttypc></enttyp><attr><attrlabl>SHAPE</attrlabl><attrdef>Feature geometry.</attrdef><attrdefs>ESRI</attrdefs><attrdomv><udom>Coordinates defining the features.</udom></attrdomv><attalias Sync="TRUE">Shape</attalias><attrtype Sync="TRUE">Geometry</attrtype><attwidth Sync="TRUE">0</attwidth><atprecis Sync="TRUE">0</atprecis><attscale Sync="TRUE">0</attscale></attr><attr><attrlabl Sync="TRUE">ZONE_CLASS</attrlabl><attalias Sync="TRUE">ZONE_CLASS</attalias><attrtype Sync="TRUE">String</attrtype><attwidth Sync="TRUE">10</attwidth><atprecis Sync="TRUE">0</atprecis><attscale Sync="TRUE">0</attscale></attr><attr><attrlabl Sync="TRUE">LOADDATE</attrlabl><attalias Sync="TRUE">LOADDATE</attalias><attrtype Sync="TRUE">Date</attrtype><attwidth Sync="TRUE">8</attwidth><atprecis Sync="TRUE">0</atprecis><attscale Sync="TRUE">0</attscale></attr><attr><attrlabl Sync="TRUE">ZONING_DES</attrlabl><attalias Sync="TRUE">ZONING_DES</attalias><attrtype Sync="TRUE">String</attrtype><attwidth Sync="TRUE">100</attwidth><atprecis Sync="TRUE">0</atprecis><attscale Sync="TRUE">0</attscale></attr><attr><attrlabl Sync="TRUE">ZONING_LAB</attrlabl><attalias Sync="TRUE">ZONING_LAB</attalias><attrtype Sync="TRUE">String</attrtype><attwidth Sync="TRUE">29</attwidth><atprecis Sync="TRUE">0</atprecis><attscale Sync="TRUE">0</attscale></attr><attr><attrlabl>OBJECTID</attrlabl><attrdef>Internal feature number.</attrdef><attrdefs>ESRI</attrdefs><attrdomv><udom>Sequential unique whole numbers that are automatically generated.</udom></attrdomv><attalias Sync="TRUE">OBJECTID</attalias><attrtype Sync="TRUE">OID</attrtype><attwidth Sync="TRUE">4</attwidth><atprecis Sync="TRUE">0</atprecis><attscale Sync="TRUE">0</attscale></attr><attr><attrlabl Sync="TRUE">Shape_Length</attrlabl><attalias Sync="TRUE">Shape_Length</attalias><attrtype Sync="TRUE">Double</attrtype><attwidth Sync="TRUE">8</attwidth><atprecis Sync="TRUE">0</atprecis><attscale Sync="TRUE">0</attscale><attrdef Sync="TRUE">Length of feature in internal units.</attrdef><attrdefs Sync="TRUE">Esri</attrdefs><attrdomv><udom Sync="TRUE">Positive real numbers that are automatically generated.</udom></attrdomv></attr><attr><attrlabl Sync="TRUE">Shape_Area</attrlabl><attalias Sync="TRUE">Shape_Area</attalias><attrtype Sync="TRUE">Double</attrtype><attwidth Sync="TRUE">8</attwidth><atprecis Sync="TRUE">0</atprecis><attscale Sync="TRUE">0</attscale><attrdef Sync="TRUE">Area of feature in internal units squared.</attrdef><attrdefs Sync="TRUE">Esri</attrdefs><attrdomv><udom Sync="TRUE">Positive real numbers that are automatically generated.</udom></attrdomv></attr></detailed></eainfo><distinfo><resdesc>Downloadable Data</resdesc><distliab>Information shown on these maps are derived from public records that are constantly undergoing change and do not replace a site survey, and is not warranted for content or accuracy. The City does not guarantee the positional or thematic accuracy of the GIS data. The GIS data or cartographic digital files are not a legal representation of any of the features in which it depicts, and disclaims any assumption of the legal status of which it represents. Any implied warranties, including warranties of merchantibility or fitness for a particular purpose, shall be expressly excluded.  The City and County of Honolulu encourages GIS data users to verify the suitability of the data before use. Please report any discrepancies or errors found to gis@honolulu.gov.</distliab></distinfo><metainfo><metd Sync="TRUE">20171226</metd><metc><cntinfo><cntorgp><cntorg>Department of Planning and Permitting, Honolulu Land Information System (HoLIS)</cntorg><cntper>REQUIRED: The person responsible for the metadata information.</cntper></cntorgp><cntaddr><addrtype>mailing and physical address</addrtype><address>Department of Planning and Permitting</address><address>650 S. King St.,  8th Floor</address><address>Frank F. Fasi Building</address><address>City  and County of Honolulu</address><city>Honolulu</city><state>Hawaii</state><postal>96813</postal><country>USA</country></cntaddr><cntvoice>808 768-8058</cntvoice><cntemail>info@honoluludpp.org</cntemail><hours>7:45 - 4:30</hours></cntinfo></metc><metstdn Sync="TRUE">FGDC Content Standards for Digital Geospatial Metadata</metstdn><metstdv Sync="TRUE">FGDC-STD-001-1998</metstdv><mettc Sync="TRUE">local time</mettc><metextns><onlink>http://www.esri.com/metadata/esriprof80.html</onlink><metprof>ESRI Metadata Profile</metprof></metextns><metextns><onlink>http://www.esri.com/metadata/esriprof80.html</onlink><metprof>ESRI Metadata Profile</metprof></metextns><metextns><onlink>http://www.esri.com/metadata/esriprof80.html</onlink><metprof>ESRI Metadata Profile</metprof></metextns><langmeta Sync="TRUE">en</langmeta></metainfo><Esri><CreaDate>20201120</CreaDate><CreaTime>12283000</CreaTime><SyncOnce>FALSE</SyncOnce><SyncDate>20201119</SyncDate><SyncTime>19094500</SyncTime><ModDate>20201119</ModDate><ModTime>19094500</ModTime><DataProperties><itemProps><itemName Sync="TRUE">cty_zoning_oah</itemName><imsContentType Sync="TRUE">002</imsContentType><nativeExtBox><westBL Sync="TRUE">574490.196000</westBL><eastBL Sync="TRUE">640203.984100</eastBL><southBL Sync="TRUE">2350829.481200</southBL><northBL Sync="TRUE">2401284.478400</northBL><exTypeCode Sync="TRUE">1</exTypeCode></nativeExtBox><itemLocation><linkage Sync="TRUE">file://\\gis_svr.hawaii.local\geodata\Geodatabase\SOH.gdb</linkage><protocol Sync="TRUE">Local Area Network</protocol></itemLocation></itemProps><coordRef><type Sync="TRUE">Projected</type><geogcsn Sync="TRUE">GCS_North_American_1983_HARN</geogcsn><csUnits Sync="TRUE">Linear Unit: Meter (1.000000)</csUnits><projcsn Sync="TRUE">NAD_1983_HARN_UTM_Zone_4N</projcsn><peXml Sync="TRUE">&lt;ProjectedCoordinateSystem xsi:type='typens:ProjectedCoordinateSystem' xmlns:xsi='http://www.w3.org/2001/XMLSchema-instance' xmlns:xs='http://www.w3.org/2001/XMLSchema' xmlns:typens='http://www.esri.com/schemas/ArcGIS/10.6'&gt;&lt;WKT&gt;PROJCS[&amp;quot;NAD_1983_HARN_UTM_Zone_4N&amp;quot;,GEOGCS[&amp;quot;GCS_North_American_1983_HARN&amp;quot;,DATUM[&amp;quot;D_North_American_1983_HARN&amp;quot;,SPHEROID[&amp;quot;GRS_1980&amp;quot;,6378137.0,298.257222101]],PRIMEM[&amp;quot;Greenwich&amp;quot;,0.0],UNIT[&amp;quot;Degree&amp;quot;,0.0174532925199433]],PROJECTION[&amp;quot;Transverse_Mercator&amp;quot;],PARAMETER[&amp;quot;False_Easting&amp;quot;,500000.0],PARAMETER[&amp;quot;False_Northing&amp;quot;,0.0],PARAMETER[&amp;quot;Central_Meridian&amp;quot;,-159.0],PARAMETER[&amp;quot;Scale_Factor&amp;quot;,0.9996],PARAMETER[&amp;quot;Latitude_Of_Origin&amp;quot;,0.0],UNIT[&amp;quot;Meter&amp;quot;,1.0],AUTHORITY[&amp;quot;EPSG&amp;quot;,3750]]&lt;/WKT&gt;&lt;XOrigin&gt;-5120900&lt;/XOrigin&gt;&lt;YOrigin&gt;-9998100&lt;/YOrigin&gt;&lt;XYScale&gt;10000&lt;/XYScale&gt;&lt;ZOrigin&gt;-100000&lt;/ZOrigin&gt;&lt;ZScale&gt;10000&lt;/ZScale&gt;&lt;MOrigin&gt;-100000&lt;/MOrigin&gt;&lt;MScale&gt;10000&lt;/MScale&gt;&lt;XYTolerance&gt;0.001&lt;/XYTolerance&gt;&lt;ZTolerance&gt;0.001&lt;/ZTolerance&gt;&lt;MTolerance&gt;0.001&lt;/MTolerance&gt;&lt;HighPrecision&gt;true&lt;/HighPrecision&gt;&lt;WKID&gt;102202&lt;/WKID&gt;&lt;LatestWKID&gt;3750&lt;/LatestWKID&gt;&lt;/ProjectedCoordinateSystem&gt;</peXml></coordRef><lineage><Process ToolSource="c:\program files (x86)\arcgis\desktop10.6\ArcToolbox\Toolboxes\Conversion Tools.tbx\FeatureClassToFeatureClass" Date="20201119" Time="174415">FeatureClassToFeatureClass "J:\OP\GIS\00_2016 Migration - Hawaii GDB\00_GDB_Processing_and_Backups\SOH.gdb\ParcelsZoning\cty_zoning_oah_bak2" "J:\OP\GIS\00_2016 Migration - Hawaii GDB\00_GDB_Processing_and_Backups\SOH.gdb\ParcelsZoning" cty_zoning_oah # "ZONE_CLASS "ZONE_CLASS" true true false 10 Text 0 0 ,First,#,J:\OP\GIS\00_2016 Migration - Hawaii GDB\00_GDB_Processing_and_Backups\SOH.gdb\ParcelsZoning\cty_zoning_oah_bak2,ZONE_CLASS,-1,-1;ZONING_DES "ZONING_DES" true true false 100 Text 0 0 ,First,#,J:\OP\GIS\00_2016 Migration - Hawaii GDB\00_GDB_Processing_and_Backups\SOH.gdb\ParcelsZoning\cty_zoning_oah_bak2,ZONING_DES,-1,-1;ZONING_LAB "ZONING_LAB" true true false 29 Text 0 0 ,First,#,J:\OP\GIS\00_2016 Migration - Hawaii GDB\00_GDB_Processing_and_Backups\SOH.gdb\ParcelsZoning\cty_zoning_oah_bak2,ZONING_LAB,-1,-1;LOADDATE "LOADDATE" true true false 8 Date 0 0 ,First,#,J:\OP\GIS\00_2016 Migration - Hawaii GDB\00_GDB_Processing_and_Backups\SOH.gdb\ParcelsZoning\cty_zoning_oah_bak2,LOADDATE,-1,-1;Shape_Length "Shape_Length" false true true 8 Double 0 0 ,First,#,J:\OP\GIS\00_2016 Migration - Hawaii GDB\00_GDB_Processing_and_Backups\SOH.gdb\ParcelsZoning\cty_zoning_oah_bak2,Shape_Length,-1,-1;Shape_Area "Shape_Area" false true true 8 Double 0 0 ,First,#,J:\OP\GIS\00_2016 Migration - Hawaii GDB\00_GDB_Processing_and_Backups\SOH.gdb\ParcelsZoning\cty_zoning_oah_bak2,Shape_Area,-1,-1" #</Process><Process ToolSource="c:\program files (x86)\arcgis\desktop10.6\ArcToolbox\Toolboxes\Conversion Tools.tbx\FeatureClassToFeatureClass" Date="20201119" Time="191008">FeatureClassToFeatureClass "J:\OP\GIS\00_2016 Migration - Hawaii GDB\00_GDB_Processing_and_Backups\SOH.gdb\ParcelsZoning\cty_zoning_oah" Z:\Geodatabase\SOH.gdb\ParcelsZoning cty_zoning_oah # "ZONE_CLASS "ZONE_CLASS" true true false 10 Text 0 0 ,First,#,J:\OP\GIS\00_2016 Migration - Hawaii GDB\00_GDB_Processing_and_Backups\SOH.gdb\ParcelsZoning\cty_zoning_oah,ZONE_CLASS,-1,-1;ZONING_DES "ZONING_DES" true true false 100 Text 0 0 ,First,#,J:\OP\GIS\00_2016 Migration - Hawaii GDB\00_GDB_Processing_and_Backups\SOH.gdb\ParcelsZoning\cty_zoning_oah,ZONING_DES,-1,-1;ZONING_LAB "ZONING_LAB" true true false 29 Text 0 0 ,First,#,J:\OP\GIS\00_2016 Migration - Hawaii GDB\00_GDB_Processing_and_Backups\SOH.gdb\ParcelsZoning\cty_zoning_oah,ZONING_LAB,-1,-1;LOADDATE "LOADDATE" true true false 8 Date 0 0 ,First,#,J:\OP\GIS\00_2016 Migration - Hawaii GDB\00_GDB_Processing_and_Backups\SOH.gdb\ParcelsZoning\cty_zoning_oah,LOADDATE,-1,-1;Shape_Length "Shape_Length" false true true 8 Double 0 0 ,First,#,J:\OP\GIS\00_2016 Migration - Hawaii GDB\00_GDB_Processing_and_Backups\SOH.gdb\ParcelsZoning\cty_zoning_oah,Shape_Length,-1,-1;Shape_Area "Shape_Area" false true true 8 Double 0 0 ,First,#,J:\OP\GIS\00_2016 Migration - Hawaii GDB\00_GDB_Processing_and_Backups\SOH.gdb\ParcelsZoning\cty_zoning_oah,Shape_Area,-1,-1" #</Process></lineage></DataProperties><ArcGISFormat>1.0</ArcGISFormat><ArcGISstyle>North American Profile of ISO19115 2003</ArcGISstyle><scaleRange><minScale>150000000</minScale><maxScale>5000</maxScale></scaleRange><ArcGISProfile>NAP</ArcGISProfile></Esri><dataIdInfo><envirDesc Sync="TRUE"> Version 6.2 (Build 9200) ; Esri ArcGIS 10.6.1.9270</envirDesc><dataLang><languageCode Sync="TRUE" value="eng"/><countryCode value="USA" Sync="TRUE"/></dataLang><idCitation><resTitle Sync="TRUE">cty_zoning_oah</resTitle><presForm><PresFormCd Sync="TRUE" value="005"/></presForm></idCitation><spatRpType><SpatRepTypCd Sync="TRUE" value="001"/></spatRpType><dataExt><geoEle><GeoBndBox esriExtentType="native"><westBL Sync="TRUE">1545113.022665</westBL><eastBL Sync="TRUE">1760154.775325</eastBL><northBL Sync="TRUE">198145.531255</northBL><southBL Sync="TRUE">32103.151151</southBL><exTypeCode Sync="TRUE">1</exTypeCode></GeoBndBox></geoEle></dataExt><geoBox esriExtentType="decdegrees"><westBL Sync="TRUE">-158.280748</westBL><eastBL Sync="TRUE">-157.647273</eastBL><northBL Sync="TRUE">21.712132</northBL><southBL Sync="TRUE">21.254678</southBL><exTypeCode Sync="TRUE">1</exTypeCode></geoBox><dataExt><geoEle xmlns=""><GeoBndBox esriExtentType="search"><exTypeCode Sync="TRUE">1</exTypeCode><westBL Sync="TRUE">-158.282032</westBL><eastBL Sync="TRUE">-157.644545</eastBL><northBL Sync="TRUE">21.713457</northBL><southBL Sync="TRUE">21.253739</southBL></GeoBndBox></geoEle></dataExt><idPurp>Regulate land use in a manner that will encourage orderly develpment in accordancce with adopted land use policies, including Oahu general plan and develpment plans, and to promote and protect the public health, safetey and welfare of community. To reproduce the 'official' zoning map and display online zoning information</idPurp><idAbs>&lt;DIV STYLE="text-align:Left;"&gt;&lt;DIV&gt;&lt;DIV&gt;&lt;P&gt;&lt;SPAN&gt;The zoning code for the City and County of Honolulu as of September 2020. The current Zoning Designation, i.e. Waikiki Special District, or Kakaako Special Development District. Downloaded by the Hawaii Statewide GIS Program from the City and County of Honolulu, 9/28/20. &lt;/SPAN&gt;&lt;SPAN&gt;The Office of Planning (OP) downloads periodic updates of this layer from the C&amp;amp;C of Honolulu, and projects the data from the State Plane to the UTM projection as a convenience to the State GIS users. OP also posts the data to the Internet for download as a convenience to the public. To obtain the latest copy of the Oahu Zoning layer, users should visit the HOLIS open geospatial data site - &lt;/SPAN&gt;&lt;A href="https://honolulu-cchnl.opendata.arcgis.com/"&gt;&lt;SPAN&gt;&lt;SPAN&gt;https://honolulu-cchnl.opendata.arcgis.com/&lt;/SPAN&gt;&lt;/SPAN&gt;&lt;/A&gt;&lt;SPAN&gt;. &lt;/SPAN&gt;&lt;SPAN&gt;&lt;SPAN&gt;For additional information, please refer to complete metadata at &lt;/SPAN&gt;&lt;A href="https://files.hawaii.gov/dbedt/op/gis/data/cty_zoning_oah.pdf"&gt;&lt;SPAN&gt;https://files.hawaii.gov/dbedt/op/gis/data/cty_zoning_oah.pdf&lt;/SPAN&gt;&lt;/A&gt;&lt;SPAN&gt; or contact the Hawaii Statewide GIS Program at &lt;/SPAN&gt;&lt;A href="mailto:gis@hawaii.gov"&gt;&lt;SPAN&gt;gis@hawaii.gov&lt;/SPAN&gt;&lt;/A&gt;&lt;SPAN&gt;.&lt;/SPAN&gt;&lt;/SPAN&gt;&lt;/P&gt;&lt;P&gt;&lt;SPAN /&gt;&lt;/P&gt;&lt;/DIV&gt;&lt;/DIV&gt;&lt;/DIV&gt;</idAbs><idCredit>Honolulu Land Information System (Holis), Department of and Permitting, City and County of Honolulu.</idCredit><searchKeys><keyword>land use ordinance</keyword><keyword>land use</keyword><keyword>zoning</keyword><keyword>regulatory</keyword><keyword>planning</keyword><keyword>development restrictions</keyword><keyword>planningCadastre</keyword></searchKeys><resConst><Consts><useLimit>&lt;DIV STYLE="text-align:Left;"&gt;&lt;DIV&gt;&lt;DIV&gt;&lt;P&gt;&lt;SPAN&gt;none&lt;/SPAN&gt;&lt;/P&gt;&lt;/DIV&gt;&lt;/DIV&gt;&lt;/DIV&gt;</useLimit></Consts></resConst></dataIdInfo><mdLang><languageCode Sync="TRUE" value="eng"/><countryCode value="USA" Sync="TRUE"/></mdLang><mdStanName Sync="TRUE">ISO 19115 Geographic Information - Metadata</mdStanName><mdStanVer Sync="TRUE">DIS_ESRI1.0</mdStanVer><mdChar><CharSetCd Sync="TRUE" value="004"/></mdChar><mdHrLv><ScopeCd Sync="TRUE" value="005"/></mdHrLv><mdHrLvName Sync="TRUE">dataset</mdHrLvName><distInfo><distributor><distorTran><onLineSrc><orDesc Sync="TRUE">002</orDesc><linkage Sync="TRUE">Server=webdatagis; Service=5151; Database=sde; User=cch; Version=sde.DEFAULT</linkage><protocol Sync="TRUE">ArcSDE Connection</protocol></onLineSrc></distorTran><distorFormat><formatName Sync="TRUE">SDE Feature Class</formatName></distorFormat></distributor><distFormat><formatName Sync="TRUE">File Geodatabase Feature Class</formatName></distFormat></distInfo><refSysInfo><RefSystem><refSysID><identCode Sync="TRUE" code="3750">NAD_1983_HARN_StatePlane_Hawaii_3_FIPS_5103_Feet</identCode><idCodeSpace Sync="TRUE">EPSG</idCodeSpace><idVersion Sync="TRUE">6.13(10.0.0)</idVersion></refSysID></RefSystem></refSysInfo><spatRepInfo><VectSpatRep><geometObjs Name="cty_zoning_oah"><geoObjTyp><GeoObjTypCd value="002" Sync="TRUE"></GeoObjTypCd></geoObjTyp><geoObjCnt Sync="TRUE">0</geoObjCnt></geometObjs><topLvl><TopoLevCd value="001" Sync="TRUE"></TopoLevCd></topLvl></VectSpatRep></spatRepInfo><mdDateSt Sync="TRUE">20201119</mdDateSt></metadata>
